Stevens-Nr.,Anmerkung,Autor,(2. Autor),Titel,Bibliographische Angaben,Jahr,Kommentar,Digitalisierende Institution,URL,URL Bd. 1,URL Bd. 2,URL Bd. 3,URL Bd. 4,URL Bd. 5,URL Bd. 6,URL Bd. 7,URL Bd. 8,URL Bd. 9,URL Bd. 10,URL Bd. 11,URL Bd. 12,URL Bd. 13,URL Bd. 14,URL Bd. 15,URL Bd. 16,URL Bd. 17,URL Bd. 18,URL Bd. 19,URL Bd. 20,URL Bd. 21,URL Bd. 22,Fundstelle 1,URLFundstelle 1,Fundstelle 2,URL Fundstelle 2,Fundstelle 3,URL Fundstelle 3,Fundstelle 4,URL Fundstelle 4,Fundstelle 5,URL Fundstelle 5,Fundstelle 6,URL Fundstelle 6,Fundstelle 7,URL Fundstelle 7,Fundstelle 8,URL Fundstelle 8,Fundstelle 9,URL Fundstelle 9
–,,"Alton, Eduard d’",,"Das Riesen-Faulthier, Bradypus giganteus: abgebildet, beschrieben und mit den verwandten Geschlechtern verglichen.","Weber, Bonn 1821. (= Pander, Christian Heinrich u. Alton, Eduard d’: Vergleichende Osteologie. 12 u. 2 Hefte. Weber, Bonn 1821–1838. 1. Heft.)",1821,,Biodiversity Heritage Library,http://www.biodiversitylibrary.org/item/124170#page/11,,,,,,,,,,,,,,,,,,,,,,,"Ms. germ. qu. 1711, Bl. 215v, f0434",http://www.deutschestextarchiv.de/parthey_msgermqu1711_1828/0434,"Ms. germ. qu. 2345, S. [187], f0193",http://www.deutschestextarchiv.de/nn_msgermqu2345_1827/0193,"8"" Kart. GfE O 79, S. 276, f0282",http://www.deutschestextarchiv.de/nn_oktavgfeo79_1828/0282,"N-0171 w 1, S. [334], f0342",http://www.deutschestextarchiv.de/nn_n0171w1_1828/0342,,,,,,,,,,
–,,"Arago, François",,"[Brief an A. v. Humboldt, Metz, 13.12.1827].",Ms. Metz 1827. Insbesondere Bl. 2r.,1827,"Nachl. Alexander von Humboldt, gr. Kasten 9, Nr. 43. – Humboldt publizierte die in den Vorträgen genannten Resultate aus diesem Brief zwei Jahre später: Ueber die Mittel, die Ergründung einiger Phänomene des tellurischen Magnetismus zu erleichtern. In: Poggendorff, Johann C. (Hg.): Annalen der Physik und Chemie. 15. Band (1829). Barth, Leipzig 1829. S. 319–336, hier S. 328–329. Gallica (BnF): http://gallica.bnf.fr/ark:/12148/bpt6k15100n/f329.",SB Berlin,http://resolver.staatsbibliothek-berlin.de/SBB00019CA300000000,,,,,,,,,,,,,,,,,,,,,,,"Ms. germ. qu. 1711, Bl. 172r, f0347",http://www.deutschestextarchiv.de/parthey_msgermqu1711_1828/0347,"Ms. germ. qu. 2345, S. [147], f0153",http://www.deutschestextarchiv.de/nn_msgermqu2345_1827/0153,"8"" Kart. GfE O 79, S. 205, f0211",http://www.deutschestextarchiv.de/nn_oktavgfeo79_1828/0211,"N-0171 w 1, S. 271, f0279",http://www.deutschestextarchiv.de/nn_n0171w1_1828/0279,,,,,,,,,,
–,,"Arenswald, Christoph Friedrich von",,Geschichte der pommerischen und mecklenburgischen Versteinerungen.,"In: Der Naturforscher. 5. Band (1775), 1. Teil; 8. Band (1776), 2. Teil. Gebauer, Halle 1775–1776. S. 145–168; S. 224–244.",1775–1776,"Die Artikel erschienen zuerst in den Gelehrten Beyträgen zu den Mecklenburg-Schwerinschen Nachrichten, Nr. 46–49 (1774); später der 1. Teil im Pommerschen Magazin. 4. Band (1778). S. 132–153. Digitale Bibliothek Mecklenburg-Vorpommern: http://ub-goobi-pr2.ub.uni-greifswald.de/viewer/image/PPN77481201X_1778/143/. Der 2. Teil im Pommerschen Museum. 1. Band (1782/1784). S. 236–244. Digitale Bibliothek Mecklenburg-Vorpommern: http://ub-goobi-pr2.ub.uni- greifswald.de/viewer/image/PPN786022019/256/. Beide hrsg. v. Christoph Gottfried Nicolaus Gesterding. Der 2. Teil blieb hier aber unvollständig und endet nach dem 3. Unterkapitel.",UB Bielefeld,,http://ds.ub.uni-bielefeld.de/viewer/image/2108412_005/156/,http://ds.ub.uni-bielefeld.de/viewer/image/2108412_008/231/,,,,,,,,,,,,,,,,,,,,,"Ms. germ. qu. 1711, Bl. 220v, f0444",http://www.deutschestextarchiv.de/parthey_msgermqu1711_1828/0444,"Ms. germ. qu. 2345, S. [192], f0198",http://www.deutschestextarchiv.de/nn_msgermqu2345_1827/0198,"8"" Kart. GfE O 79, S. 285, f0291",http://www.deutschestextarchiv.de/nn_oktavgfeo79_1828/0291,"N-0171 w 1, S. 341, f0349–S. [342], f0350",http://www.deutschestextarchiv.de/nn_n0171w1_1828/0349,,,,,,,,,,
–,,"Atkinson, Henry",,On astronomical and other Refractions; with a connected Inquiry into the Law of Temperature in different Latitudes and at different Altitudes.,"In: Memoirs of the [Royal] Astronomical Society of London. 2. Band (1826), 1. Teil. Baldwin u. a., London 1826. S. 137–260.",1826,,SAO/NASA Astrophysics Data System (ADS) (Harvard),http://adsabs.harvard.edu/full/1826MmRAS...2..137A,,,,,,,,,,,,,,,,,,,,,,,"Ms. germ. qu. 1711, Bl. 307v, f0618–Bl. 308r, f0619",http://www.deutschestextarchiv.de/parthey_msgermqu1711_1828/0618,"Ms. germ. qu. 2345, S. [261], f0267",http://www.deutschestextarchiv.de/nn_msgermqu2345_1827/0267,"8"" Kart. GfE O 79, S. 437, f0443",http://www.deutschestextarchiv.de/nn_oktavgfeo79_1828/0443,"N-0171 w 1, S. 479, f0485",http://www.deutschestextarchiv.de/nn_n0171w1_1828/0485,,,,,,,,,,
–,"Enthalten ist aber eine spätere lateinische Ausgabe (Nr. 459, 2 Bde. Leipzig 1839–1840).","Bacon, Francis",,Neues Organon.,"Aus dem Lateinischen übersetzt von George Wilhelm Bartholdy. Mit Anmerkungen von Salomon Maimon. 2 Bde. Nauck, Berlin 1793.",1793,"Aus einer Fußnote im „Kosmos“ geht hervor, dass Humboldt Bezug auf eine deutsche Übersetzung nahm, vgl. Kosmos 1845–1862, Bd. 1, S. 307.",GDZ Göttingen,,http://resolver.sub.uni-goettingen.de/purl?PPN671594354,–,,,,,,,,,,,,,,,,,,,,,"Ms. germ. qu. 1711, Bl. 232v, f0468",http://www.deutschestextarchiv.de/parthey_msgermqu1711_1828/0468,"Ms. germ. qu. 2345, S. [208], f0214",http://www.deutschestextarchiv.de/nn_msgermqu2345_1827/0214,"8"" Kart. GfE O 79, S. 308, f0314",http://www.deutschestextarchiv.de/nn_oktavgfeo79_1828/0314,"N-0171 w 1, S. 361, f0367",http://www.deutschestextarchiv.de/nn_n0171w1_1828/0367,"Ms. germ. fol. 841/Ms. germ. fol. 842, S. 240, f0257",http://www.deutschestextarchiv.de/patzig_msgermfol841842_1828/0257,,,,,,,,
–,,"Bacon, Francis",,De Dignitate et Augmentis Scientiarum.,"2 Bde. Stahel, Würzburg 1779–1780.",1779–1780,,MDZ München,,http://www.mdz-nbn-resolving.de/urn/resolver.pl?urn=urn:nbn:de:bvb:12-bsb10447340-9,http://www.mdz-nbn-resolving.de/urn/resolver.pl?urn=urn:nbn:de:bvb:12-bsb10447341-5,,,,,,,,,,,,,,,,,,,,,"Ms. germ. qu. 1711, Bl. 42r, f0087",http://www.deutschestextarchiv.de/parthey_msgermqu1711_1828/0087,"Ms. germ. qu. 2345, S. [34], f0040",http://www.deutschestextarchiv.de/nn_msgermqu2345_1827/0040,"8"" Kart. GfE O 79, S. 48, f0054",http://www.deutschestextarchiv.de/nn_oktavgfeo79_1828/0054,"N-0171 w 1, S. 38, f0046",http://www.deutschestextarchiv.de/nn_n0171w1_1828/0046,"Ms. germ. fol. 841/Ms. germ. fol. 842, S. 49, f0053",http://www.deutschestextarchiv.de/patzig_msgermfol841842_1828/0053,"F2e 1853, S. 15, f0020",http://www.deutschestextarchiv.de/riess_f2e1853_1828/0020,,,,,,
–,,"Barbazan, Étienne (Hg.)",,La Bible Guiot de Provins.,"In: Fabliaux et Contes des Poètes françois des XI, XII, XIII, XIV et XVe Siècles: Tirés des meilleurs Auteurs. 2. Bd. Warée, Paris 1808. S. 307–393.",1808,,New York Public Library,http://babel.hathitrust.org/cgi/pt?id=nyp.33433075796551;view=1up;seq=331,,,,,,,,,,,,,,,,,,,,,,,"Ms. germ. qu. 1711, Bl. 163v, f0330",http://www.deutschestextarchiv.de/parthey_msgermqu1711_1828/0330,"Ms. germ. qu. 2345, S. [141], f0147",http://www.deutschestextarchiv.de/nn_msgermqu2345_1827/0147,"8"" Kart. GfE O 79, S. 195, f0201",http://www.deutschestextarchiv.de/nn_oktavgfeo79_1828/0201,"N-0171 w 1, S. 256, f0264–S. 257, f0265",http://www.deutschestextarchiv.de/nn_n0171w1_1828/0264,"Libelt, S. 185, f0050",http://www.deutschestextarchiv.de/libelt_hs6623ii_1828/0050,,,,,,,,
–,,"Barrington, Daines",,The Possibility of approaching the North Pole asserted.,"2. Aufl. Allman, London 1818.",1818,,ÖNB Wien,http://data.onb.ac.at/ABO/%2BZ184071503,,,,,,,,,,,,,,,,,,,,,,,"Ms. germ. qu. 1711, Bl. 230r, f0463",http://www.deutschestextarchiv.de/parthey_msgermqu1711_1828/0463,"Ms. germ. qu. 2345, S. [205], f0211",http://www.deutschestextarchiv.de/nn_msgermqu2345_1827/0211,"8"" Kart. GfE O 79, S. 304, f0310",http://www.deutschestextarchiv.de/nn_oktavgfeo79_1828/0310,"N-0171 w 1, S. 355, f0363",http://www.deutschestextarchiv.de/nn_n0171w1_1828/0363,,,,,,,,,,
–,,"Bembo, Pietro",,De Aetna: ad Angelum Chabrielem Liber.,"Manuzio, Venedig 1495.",1495,,MDZ München,http://www.mdz-nbn-resolving.de/urn/resolver.pl?urn=urn:nbn:de:bvb:12-bsb00048024-6,,,,,,,,,,,,,,,,,,,,,,,"Ms. germ. qu. 1711, Bl. 48v, f0100",http://www.deutschestextarchiv.de/parthey_msgermqu1711_1828/0100,"Ms. germ. qu. 2345, S. [41], f0047",http://www.deutschestextarchiv.de/nn_msgermqu2345_1827/0047,"8"" Kart. GfE O 79, S. 59, f0065",http://www.deutschestextarchiv.de/nn_oktavgfeo79_1828/0065,"N-0171 w 1, S. 52, f0060",http://www.deutschestextarchiv.de/nn_n0171w1_1828/0060,,,,,,,,,,
–,,"Bembo, Pietro",,Historiae Venetiae Libri XII.,Venedig 1551.,1551,,Les Bibliothèques Virtuelles Humanistes,http://www.bvh.univ-tours.fr/Consult/index.asp?numtable=B372615206_18365&numfiche=288,,,,,,,,,,,,,,,,,,,,,,,"Ms. germ. qu. 2345, S. [41], f0047",http://www.deutschestextarchiv.de/nn_msgermqu2345_1827/0047,"8"" Kart. GfE O 79, S. 59, f0065",http://www.deutschestextarchiv.de/nn_oktavgfeo79_1828/0065,,,,,,,,,,,,,,
–,,"Bergman, Torbern O.",,Physicalische Beschreibung der Erdkugel: auf Veranlassung der cosmographischen Gesellschaft verfasset.,"Übers. v. Lambert Heinrich Röhl. 2 Bde. 3. Aufl. Röse, Greifswald 1791.",1791,,MDZ München,,http://www.mdz-nbn-resolving.de/urn/resolver.pl?urn=urn:nbn:de:bvb:12-bsb10058204-5,http://www.mdz-nbn-resolving.de/urn/resolver.pl?urn=urn:nbn:de:bvb:12-bsb10058206-6,,,,,,,,,,,,,,,,,,,,,"Ms. germ. qu. 1711, Bl. 47r, f0097",http://www.deutschestextarchiv.de/parthey_msgermqu1711_1828/0097,"8"" Kart. GfE O 79, S. 57, f0063",http://www.deutschestextarchiv.de/nn_oktavgfeo79_1828/0063,"N-0171 w 1, S. 49, f0057",http://www.deutschestextarchiv.de/nn_n0171w1_1828/0057,,,,,,,,,,,,
1027,,"Blumenbach, Johann Friedrich",,Handbuch der Naturgeschichte.,"11. Aufl. Dieterich, Göttingen 1825. S. 420.",1825,,Deutsches Textarchiv,http://www.deutschestextarchiv.de/book/view/blumenbach_naturgeschichte_1825?p=442,,,,,,,,,,,,,,,,,,,,,,,"Ms. germ. qu. 1711, Bl. 372v, f0748",http://www.deutschestextarchiv.de/parthey_msgermqu1711_1828/0748,"Ms. germ. qu. 2345, S. [302], f0308",http://www.deutschestextarchiv.de/nn_msgermqu2345_1827/0308,"8"" Kart. GfE O 79, S. 552, f0558",http://www.deutschestextarchiv.de/nn_oktavgfeo79_1828/0558,"N-0171 w 1, S. [598], f0604",http://www.deutschestextarchiv.de/nn_n0171w1_1828/0604,,,,,,,,,,
–,,"Blumenbach, Johann Friedrich",,Jo. Frid. Blumenbachii decas quinta collectionis suae craniorum diversarum gentium illustrata. D. XXV. Aug. MDCCCVI.,"In: Commentationes Societatis Regiae Scientiarum Gottingensis Bd. XVI (1808), Phys., S. 199–216, 10 Ill. (Kupferst.), Abb. XLVI.: veteris Aturi. [Beschreibung auf S. 210–211.]",1808,,Blumenbach-Online,http://www.blumenbach-online.de/fileadmin/wikiuser/Daten_Digitalisierung/Digitalisate_html/Texte/000191/000191.html,,,,,,,,,,,,,,,,,,,,,,,"Ms. germ. qu. 1711, Bl. 392v, f0788",http://www.deutschestextarchiv.de/parthey_msgermqu1711_1828/0788,,,,,,,,,,,,,,,,
–,,"Bouguer, Pierre",,"Essai d’Optique, sur la Gradation de la Lumiere.","Jombert, Paris 1729.",1729,"Das Fehlen genauerer Angaben macht es nicht möglich festzulegen, ob dieses oder das folgende, posthum publizierte Werk, das eine Vertiefung des ersten darstellt, gemeint ist.",MDZ München,http://www.mdz-nbn-resolving.de/urn/resolver.pl?urn=urn:nbn:de:bvb:12-bsb10080557-8,,,,,,,,,,,,,,,,,,,,,,,"Ms. germ. qu. 2124, 10v, f0024",http://www.deutschestextarchiv.de/nn_msgermqu2124_1827/0024,"Hufeland, S. 23, f0027",http://www.deutschestextarchiv.de/hufeland_privatbesitz_1829/0027,,,,,,,,,,,,,,
–,,"Bouguer, Pierre",,Traité d’Optique sur la Gradation de la Lumiere.,"Hrsg. v. Nicolas Louis de La Caille. Guerin u. Delatour, Paris 1760.",1760,,Google Books (Universität Lausanne),https://books.google.de/books?id=pzYVAAAAQAAJ,,,,,,,,,,,,,,,,,,,,,,,"Ms. germ. qu. 2124, 10v, f0024",http://www.deutschestextarchiv.de/nn_msgermqu2124_1827/0024,"Hufeland, S. 23, f0027",http://www.deutschestextarchiv.de/hufeland_privatbesitz_1829/0027,,,,,,,,,,,,,,
1329,,"Brongniart, Alexandre",,Classification et Caractères minéralogiques des Roches homogènes et hétérogènes.,"Levrault, Paris 1827. Insbesondere S. 94–95.",1827,,MDZ München,http://www.mdz-nbn-resolving.de/urn/resolver.pl?urn=urn:nbn:de:bvb:12-bsb10283100-8,,,,,,,,,,,,,,,,,,,,,,,"Hufeland, S. 35, f0039",http://www.deutschestextarchiv.de/hufeland_privatbesitz_1829/0039,,,,,,,,,,,,,,,,
–,,"Buch, Leopold von",,Über den Gabbro: mit einigen Bemerkungen über den Begriff einer Gebirgsart.,"Gelesen in der Academie der Wissenschaften den 12ten October 1809. In: Der Gesellschaft Naturforschender Freunde zu Berlin Magazin für die neuesten Entdeckungen in der gesammten Naturkunde. 4. Band. Realschulbuchhandlung, Berlin 1810. S. 128–149.",1810,,Google Books (Lyon Public Library),https://books.google.de/books?id=xDzRF77v3CAC&pg=PA128,,,,,,,,,,,,,,,,,,,,,,,"Hufeland, S. 35, f0039",http://www.deutschestextarchiv.de/hufeland_privatbesitz_1829/0039,,,,,,,,,,,,,,,,
1502,,"Buffon, Georges Lois Le Clerc de",,"Histoire naturelle: mise dans un nouvel Ordre, précédée d’un Notice sur sa Vie et ses Ecrits par M. Le Baron Cuvier.","39 Bde. Menard et Desenne, Paris 1825–1826.",1825–1826,"Titel folgt der Angabe im Katalog, Verlag wurde ermittelt. Da weder diese, noch eine andere von Cuvier bearbeitete Ausgabe digitalisiert vorliegt, wird auf eine andere Ausgabe verwiesen, die allerdings von der oben angeführten erheblich abweicht: Œuvres d’Histoire Naturelle. 2. Aufl. 40 Bde. Nouvelle Société Typographique, Bern 1792.",e-rara (ETH-Bibliothek Zürich),http://dx.doi.org/10.3931/e-rara-16229,,,,,,,,,,,,,,,,,,,,,,,"Ms. germ. qu. 1711, Bl. 48v, f0100",http://www.deutschestextarchiv.de/parthey_msgermqu1711_1828/0100,"8"" Kart. GfE O 79, S. 59, f0065",http://www.deutschestextarchiv.de/nn_oktavgfeo79_1828/0065,"N-0171 w 1, S. 52, f0060",http://www.deutschestextarchiv.de/nn_n0171w1_1828/0060,,,,,,,,,,,,
–,,"Campanella, Tommaso",,"Prodromus Philosophiae instaurandae, id est, Dissertationis de Natura Rerum Compendium: Secundum vera Principia.","Cum Praefatione ad Philosophos Germaniae. Bringer u. Tambach, Frankfurt 1617.",1617,,WDB Wolfenbüttel,http://diglib.hab.de/drucke/113-1-quod-1s/start.htm,,,,,,,,,,,,,,,,,,,,,,,"Ms. germ. qu. 1711, Bl. 42r, f0087",http://www.deutschestextarchiv.de/parthey_msgermqu1711_1828/0087,"Ms. germ. qu. 2345, S. [34], f0040",http://www.deutschestextarchiv.de/nn_msgermqu2345_1827/0040,"8"" Kart. GfE O 79, S. 48, f0054",http://www.deutschestextarchiv.de/nn_oktavgfeo79_1828/0054,"N-0171 w 1, S. 38, f0046",http://www.deutschestextarchiv.de/nn_n0171w1_1828/0046,"Ms. germ. fol. 841/Ms. germ. fol. 842, S. 49, f0053",http://www.deutschestextarchiv.de/patzig_msgermfol841842_1828/0053,"F2e 1853, S. 15, f0020",http://www.deutschestextarchiv.de/riess_f2e1853_1828/0020,,,,,,
–,,"Chateaubriand, François-René de",,Atala. René. Les Aventures du dernier Abencerage.,"Ladvocat, Paris 1826. (= Œuvres complètes. Bd. 16.)",1826,"Auf „Les Aventures du dernier Abencerage“ wird kein Bezug genommen, nur „Atala“ und „René“ werden referenziert. Die meisten Zuhörer vermerken lediglich eine Beschreibung des Mississippis, nur Parthey notiert explizit „Atala und Réné“ (sic).",MDZ München,http://www.mdz-nbn-resolving.de/urn/resolver.pl?urn=urn:nbn:de:bvb:12-bsb10712650-5,,,,,,,,,,,,,,,,,,,,,,,"Ms. germ. qu. 1711, Bl. 48v, f0100",http://www.deutschestextarchiv.de/parthey_msgermqu1711_1828/0100,"Ms. germ. qu. 2345, S. [41], f0047",http://www.deutschestextarchiv.de/nn_msgermqu2345_1827/0047,"8"" Kart. GfE O 79, S. 59, f0065",http://www.deutschestextarchiv.de/nn_oktavgfeo79_1828/0065,"N-0171 w 1, S. 53, f0061",http://www.deutschestextarchiv.de/nn_n0171w1_1828/0061,,,,,,,,,,
–,,"Chateaubriand, François-René de",,"Itinéraire de Paris à Jérusalem, et de Jérusalem à Paris.","3 Bde. Tarlier u. Weissenbruch, Brüssel 1827.",1827,,Google Books (UB Gent),,https://books.google.de/books?id=-L8_AAAAcAAJ,https://books.google.de/books?id=DsA_AAAAcAAJ,https://books.google.de/books?id=KMA_AAAAcAAJ,,,,,,,,,,,,,,,,,,,,"Ms. germ. qu. 1711, Bl. 48v, f0100",http://www.deutschestextarchiv.de/parthey_msgermqu1711_1828/0100,"Ms. germ. qu. 2345, S. [41], f0047",http://www.deutschestextarchiv.de/nn_msgermqu2345_1827/0047,"N-0171 w 1, S. 53, f0061",http://www.deutschestextarchiv.de/nn_n0171w1_1828/0061,,,,,,,,,,,,
–,,"Cicero, Marcus Tullius",,"Epistolae ad Atticum, ad Quintum Fratrem, ad M. Brutum, et vulgo ad Familiares dicuntur, Temporis Ordine dispositae: Sämmtliche Briefe, übersetzt und erläutert von C. M. Wieland.","9 Bde. Geistinger, Wien und Triest 1813–1814.",1813–1814,,Bodleian Libraries (University of Oxford),,http://dbooks.bodleian.ox.ac.uk/books/PDFs/N12353839.pdf,http://dbooks.bodleian.ox.ac.uk/books/PDFs/N12353837.pdf,http://dbooks.bodleian.ox.ac.uk/books/PDFs/N12353834.pdf,http://dbooks.bodleian.ox.ac.uk/books/PDFs/N12353831.pdf,http://dbooks.bodleian.ox.ac.uk/books/PDFs/N12353829.pdf,http://dbooks.bodleian.ox.ac.uk/books/PDFs/N12353828.pdf,http://dbooks.bodleian.ox.ac.uk/books/PDFs/N12353827.pdf,http://dbooks.bodleian.ox.ac.uk/books/PDFs/N12353824.pdf,http://dbooks.bodleian.ox.ac.uk/books/PDFs/N12353823.pdf,,,,,,,,,,,,,,"8"" Kart. GfE O 79, S. 58, f0064",http://www.deutschestextarchiv.de/nn_oktavgfeo79_1828/0064,"N-0171 w 1, S. 52, f0060",http://www.deutschestextarchiv.de/nn_n0171w1_1828/0060,,,,,,,,,,,,,,
–,,"Corti, Bonaventura",,Osservazioni microscopiche sulla Tremella e sulla Circolazione del Fluido in una Pianta Acquajuola.,"Rocchi, Lucca 1774.",1774,,MDZ München,http://www.mdz-nbn-resolving.de/urn/resolver.pl?urn=urn:nbn:de:bvb:12-bsb10301313-5,,,,,,,,,,,,,,,,,,,,,,,"Ms. germ. qu. 1711, Bl. 341r, f0685",http://www.deutschestextarchiv.de/parthey_msgermqu1711_1828/0685,"Ms. germ. qu. 2345, S. [284], f0290",http://www.deutschestextarchiv.de/nn_msgermqu2345_1827/0290,"8"" Kart. GfE O 79, S. 495, f0501",http://www.deutschestextarchiv.de/nn_oktavgfeo79_1828/0501,"N-0171 w 1, S. 539, f0545",http://www.deutschestextarchiv.de/nn_n0171w1_1828/0545,"Libelt, S. 387, f0254",http://www.deutschestextarchiv.de/libelt_hs6623ii_1828/0254,"Ms. germ. fol. 841/Ms. germ. fol. 842, S. 341, f0358",http://www.deutschestextarchiv.de/patzig_msgermfol841842_1828/0358,,,,,,
–,,"Cranz, David",,Historie von Grönland: enthaltend die Beschreibung des Landes und der Einwohner etc. nebst beträchtlichen Zusätzen und Anmerkungen zur natürlichen Geschichte bis auf das Jahr 1779.,"Weigel u. Schneider, Nürnberg u. Leipzig 1782. Insbesondere S. 62, 63–64.",1782,,MDZ München,http://nbn-resolving.de/urn/resolver.pl?urn=urn:nbn:de:bvb:12-bsb00075374-7,,,,,,,,,,,,,,,,,,,,,,,"Ms. germ. qu. 1711, Bl. 178r, f0359, Bl. 330r, f0663",http://www.deutschestextarchiv.de/parthey_msgermqu1711_1828/0359,"Ms. germ. qu. 2345, S. [278], f0284",http://www.deutschestextarchiv.de/nn_msgermqu2345_1827/0284,"8"" Kart. GfE O 79, S. 214, f0220, S. 475, f0481",http://www.deutschestextarchiv.de/nn_oktavgfeo79_1828/0220,"N-0171 w 1, S. [282], f0290",http://www.deutschestextarchiv.de/nn_n0171w1_1828/0290,,,,,,,,,,
–,"Unter Stevens-Nr. 10386 ist ein kleiner Teil des Werkes aufgeführt, „Planches 456 à 487, 2 parts“.","Cuvier, Georges","Valenciennes, Achille",Histoire naturelle des Poissons.,"22 Bde. Levrault / Pitois-Levrault / Pitois / Bertrand, Paris 1828–1849.",1828–1849,"Cuvier starb 1832, Valenciennes arbeitete alleine weiter. Humboldt bemerkt, dass er das Manuskript hierzu gesehen habe; angesichts des großen Umfangs und der langen Veröffentlichungsdauer ist davon auszugehen, dass er bis zum Ende der Vorträge nur einen kleinen Teil des gesamten Werkes zu Gesicht bekommen konnte.",Gallica (BnF),,http://gallica.bnf.fr/ark:/12148/bpt6k62194642,http://gallica.bnf.fr/ark:/12148/bpt6k63467877,http://gallica.bnf.fr/ark:/12148/bpt6k6243961h,http://gallica.bnf.fr/ark:/12148/bpt6k6364945h,http://gallica.bnf.fr/ark:/12148/bpt6k6243998j,http://gallica.bnf.fr/ark:/12148/bpt6k6378019f,http://gallica.bnf.fr/ark:/12148/bpt6k6513604b,http://gallica.bnf.fr/ark:/12148/bpt6k62207813,http://gallica.bnf.fr/ark:/12148/bpt6k6244155b,http://gallica.bnf.fr/ark:/12148/bpt6k6347451w,http://gallica.bnf.fr/ark:/12148/bpt6k6349408h,http://gallica.bnf.fr/ark:/12148/bpt6k6221466p,http://gallica.bnf.fr/ark:/12148/bpt6k62250869,http://gallica.bnf.fr/ark:/12148/bpt6k62201240,http://gallica.bnf.fr/ark:/12148/bpt6k62483432,http://gallica.bnf.fr/ark:/12148/bpt6k62226109,http://gallica.bnf.fr/ark:/12148/bpt6k63780181,http://gallica.bnf.fr/ark:/12148/bpt6k6366964g,http://gallica.bnf.fr/ark:/12148/bpt6k6244162g,http://gallica.bnf.fr/ark:/12148/bpt6k6365342h,http://gallica.bnf.fr/ark:/12148/bpt6k62298728,http://gallica.bnf.fr/ark:/12148/bpt6k6243968d,"Ms. germ. qu. 2124, 37v, f0078",http://www.deutschestextarchiv.de/nn_msgermqu2124_1827/0078,"Hufeland, S. 71, f0075",http://www.deutschestextarchiv.de/hufeland_privatbesitz_1829/0075,,,,,,,,,,,,,,
–,"Es sind aber andere Ausgaben aufgelistet, s. Stevens-Nr. 2092–2094.","Dante, Alighieri",,La divina Commedia.,"2. Bd. (von 3): Purgatorio. Bettoni, Mailand 1825. Zitiert werden die gleichen 6 Verse wie später auf deutsch (Canto I, S. 6–7, V. 22–27).",1825,,MDZ München,http://reader.digitale-sammlungen.de/de/fs1/object/display/bsb10755376_00014.html,,,,,,,,,,,,,,,,,,,,,,,"Ms. germ. qu. 2124, 61v, f0126",http://www.deutschestextarchiv.de/nn_msgermqu2124_1827/0126,"Hufeland, S. 110, f0114",http://www.deutschestextarchiv.de/hufeland_privatbesitz_1829/0114,,,,,,,,,,,,,,
–,"Es sind aber andere Ausgaben aufgelistet, s. Stevens-Nr. 2092–2094.","Dante, Alighieri",,Die göttliche Komödie des Dante Alighieri: übersetzt und erläutert von Karl Streckfuß.,"2. Bd. (von 3): Das Fegefeuer. Hemmerde u. Schwetschke, Halle 1825. Humboldt zitiert 6 Verse (1. Gesang, S. 4, V.  22–27).",1825,Humboldt benennt explizit Streckfuß als Übersetzer.,MDZ München,http://reader.digitale-sammlungen.de/de/fs1/object/display/bsb10755533_00018.html,,,,,,,,,,,,,,,,,,,,,,,"Ms. germ. qu. 2124, 73v, f0150",http://www.deutschestextarchiv.de/nn_msgermqu2124_1827/0150,"Hufeland, S. 135, f0139",http://www.deutschestextarchiv.de/hufeland_privatbesitz_1829/0139,,,,,,,,,,,,,,
–,,"Della Torre, Giovanni Maria",,Geschichte und Naturbegebenheiten des Vesuvs: von den ältesten Zeiten bis zum Jahr 1779.,"Übers. v. L. Richter, Altenburg 1783.",1783,Der Übersetzer konnte nicht identifiziert werden.,MDZ München,http://www.mdz-nbn-resolving.de/urn/resolver.pl?urn=urn:nbn:de:bvb:12-bsb10134894-4,,,,,,,,,,,,,,,,,,,,,,,"Ms. germ. qu. 1711, Bl. 202r, f0407",http://www.deutschestextarchiv.de/parthey_msgermqu1711_1828/0407,"Ms. germ. qu. 2345, S. [173], f0179–S. [174], f0180",http://www.deutschestextarchiv.de/nn_msgermqu2345_1827/0179,"8"" Kart. GfE O 79, S. 245, f0251",http://www.deutschestextarchiv.de/nn_oktavgfeo79_1828/0251,"N-0171 w 1, S. [318], f0326",http://www.deutschestextarchiv.de/nn_n0171w1_1828/0326,,,,,,,,,,
–,,"Engelhardt, Moritz von","Parrot, Friedrich von",Reise in die Krym und den Kaukasus.,"2 Bde. Realschulbuchhandlung, Berlin 1815.",1815,,MDZ München,,http://www.mdz-nbn-resolving.de/urn/resolver.pl?urn=urn:nbn:de:bvb:12-bsb10430680-6,http://www.mdz-nbn-resolving.de/urn/resolver.pl?urn=urn:nbn:de:bvb:12-bsb10430681-1,,,,,,,,,,,,,,,,,,,,,"Ms. germ. qu. 1711, Bl. 345v, f0694",http://www.deutschestextarchiv.de/parthey_msgermqu1711_1828/0694,"Ms. germ. qu. 2345, S. [287], f0293",http://www.deutschestextarchiv.de/nn_msgermqu2345_1827/0293,"8"" Kart. GfE O 79, S. 503, f0509",http://www.deutschestextarchiv.de/nn_oktavgfeo79_1828/0509,"N-0171 w 1, S. 547, f0553",http://www.deutschestextarchiv.de/nn_n0171w1_1828/0553,"Libelt, S. 390, f0257",http://www.deutschestextarchiv.de/libelt_hs6623ii_1828/0250,,,,,,,,
–,,"Fontana, Felice",,Lettre […] à M***.,"In: Observations sur la Physique, sur l’Histoire naturelle et sur les Arts. 7. Band (1776). Ruault, Paris 1776. S. 285–292.",1776,,New York Public Library,https://babel.hathitrust.org/cgi/pt?id=nyp.33433069056707;view=1up;seq=319,,,,,,,,,,,,,,,,,,,,,,,"Ms. germ. qu. 1711, Bl. 341r, f0685",http://www.deutschestextarchiv.de/parthey_msgermqu1711_1828/0685,"Libelt, S. 387, f0254",http://www.deutschestextarchiv.de/libelt_hs6623ii_1828/0254,,,,,,,,,,,,,,
–,,"Forster, Georg",,"A Voyage round the World: in His Britannic Majesty’s Sloop, Resolution, commanded by Capt. James Cook, during the Years, 1772, 3, 4, and 5.","2 Bde. White u. a., London 1777.",1777,"Aus einer Fußnote im „Kosmos“ geht hervor, dass Humboldt Bezug auf die englische (Erst-)Ausgabe nahm, vgl. Kosmos 1845–1862, Bd. 2, S. 125, Fußnote 1.",LB Oldenburg,http://digital.lb-oldenburg.de/urn/urn:nbn:de:gbv:45:1-1288,,,,,,,,,,,,,,,,,,,,,,,"Ms. germ. qu. 1711, Bl. 48v, f0100, Bl. 49v, f0102",http://www.deutschestextarchiv.de/parthey_msgermqu1711_1828/0100,"Ms. germ. qu. 2345, S. [41], f0047, S. [42], f0048",http://www.deutschestextarchiv.de/nn_msgermqu2345_1827/0047,"8"" Kart. GfE O 79, S. 59, f0065, S. 60, f0066",http://www.deutschestextarchiv.de/nn_oktavgfeo79_1828/0065,"N-0171 w 1, S. 52, f0060, S. 54, f0062",http://www.deutschestextarchiv.de/nn_n0171w1_1828/0060,,,,,,,,,,
–,,"Fourier, Jean Baptiste Joseph",,Théorie analytique de la Chaleur.,"Didot, Paris 1822.",1822,,Gallica (BnF),http://gallica.bnf.fr/ark:/12148/bpt6k1045508v,,,,,,,,,,,,,,,,,,,,,,,"Ms. germ. qu. 2124, 13r, f0029",http://www.deutschestextarchiv.de/nn_msgermqu2124_1827/0029,"Hufeland, S. 27, f0031",http://www.deutschestextarchiv.de/hufeland_privatbesitz_1829/0031,,,,,,,,,,,,,,
–,,"Freiesleben, Johann Carl (Hg.)",,Abraham Gottlob Werner’s letztes Mineral-System: Aus dessen Nachlasse auf oberbergamtliche Anordnung herausgegeben und mit Erläuterungen versehen.,"Craz, Gerlach u. Gerold. Freiberg u. Wien 1817.",1817,"Sehr wahrscheinlich ist diese Schrift gemeint, es kommt aber auch das Werk von Richter infrage. Vgl. Richter, Friedrich Jakob: Die Bergbaukunst: nach Abraham Gottlob Werners Vorlesungen, in der Königl. Sächs. Bergakademie in Freiberg, und nach eigenen Erfahrungen.",MDZ München,http://www.mdz-nbn-resolving.de/urn/resolver.pl?urn=urn:nbn:de:bvb:12-bsb10284851-0,,,,,,,,,,,,,,,,,,,,,,,"Ms. germ. qu. 1711, Bl. 47v, f0098",http://www.deutschestextarchiv.de/parthey_msgermqu1711_1828/0098,"8"" Kart. GfE O 79, S. 57, f0063",http://www.deutschestextarchiv.de/nn_oktavgfeo79_1828/0063,,,,,,,,,,,,,,
–,,"Freytag, Georg Wilhelm (Hg.)",,"Hamasae Carmina: cum Tebrisii Scholiis integris primum edidit, indicibus instruxit, Versione latina et Commentario illustravit.","1. Band: Textum arabicum et quatuor Indices. Baaden, Bonn 1828.",1828,Dieser 1. Band enthält nur den arabischen Text. Der lateinische Teil erschien im 2. und 3. Band (1842 und 1851).,MDZ München,http://www.mdz-nbn-resolving.de/urn/resolver.pl?urn=urn:nbn:de:bvb:12-bsb10219033-8,,,,,,,,,,,,,,,,,,,,,,,"Ms. germ. qu. 1711, Bl. 36v, f0076",http://www.deutschestextarchiv.de/parthey_msgermqu1711_1828/0076,"Ms. germ. qu. 2345, S. [29], f0035",http://www.deutschestextarchiv.de/nn_msgermqu2345_1827/0035,"8"" Kart. GfE O 79, S. 43, f0049",http://www.deutschestextarchiv.de/nn_oktavgfeo79_1828/0049,"N-0171 w 1, S. [128], f0036",http://www.deutschestextarchiv.de/nn_n0171w1_1828/0036,"Ms. germ. qu. 2124, 57v, f0118",http://www.deutschestextarchiv.de/nn_msgermqu2124_1827/0118,"Hufeland, S. 104, f0108",http://www.deutschestextarchiv.de/hufeland_privatbesitz_1829/0108,,,,,,
–,,"Galilei, Galileo",,"Lettera di Galileo Galilei attenente alla Titubazion lunare, da esso nuovamente Avvertita, scritta a richiesta del Sig. Alfonso Antonini di Udine.","In: Opere di Galileo Galilei: Nobile Fiorentino. 5. Band. Società Tipografica de’ Classici Italiani, Mailand [1810]. S. 23–35.",1810,,MDZ München,http://reader.digitale-sammlungen.de/de/fs1/object/display/bsb10754943_00029.html,,,,,,,,,,,,,,,,,,,,,,,"Ms. germ. qu. 1711, Bl. 116r, f0235",http://www.deutschestextarchiv.de/parthey_msgermqu1711_1828/0235,"Ms. germ. qu. 2345, S. [103], f0109",http://www.deutschestextarchiv.de/nn_msgermqu2345_1827/0109,"8"" Kart. GfE O 79, S. 144, f0150",http://www.deutschestextarchiv.de/nn_oktavgfeo79_1828/0150,"N-0171 w 1, S. [182], f0190",http://www.deutschestextarchiv.de/nn_n0171w1_1828/0190,,,,,,,,,,
–,,"Gilbert, Ludwig Wilhelm",,"Uebersicht der Beobachtungen der Herren von Cassini zu Paris, und Wilke zu Stockholm: über die täglichen und die jährlichen Veränderungen in der Abweichung der Magnetnadel.","In: Ders. (Hg.): [Gilbert’s] Annalen der Physik. 29. Band (1808). Renger, Halle 1808. S. 403–424, insbesondere S. 414–424.",1808,"Vgl. auch den Artikel von Wilcke: Ueber der   Magnetnadel jährliche und tägliche Aenderungen zu Stockholm, dessen Ergebnisse Gilbert hier referiert und vergleicht sowie [Ü]ber den   Magneten, der spätere Ergebnisse Wilckes zeigt.",Gallica (BnF),http://gallica.bnf.fr/ark:/12148/bpt6k15039d/f411,,,,,,,,,,,,,,,,,,,,,,,"Ms. germ. qu. 1711, Bl. 178r, f0359",http://www.deutschestextarchiv.de/parthey_msgermqu1711_1828/0359,"Ms. germ. qu. 2345, S. [151], f0157",http://www.deutschestextarchiv.de/nn_msgermqu2345_1827/0157,"8"" Kart. GfE O 79, S. 214, f0220",http://www.deutschestextarchiv.de/nn_oktavgfeo79_1828/0220,"N-0171 w 1, S. [282], f0290",http://www.deutschestextarchiv.de/nn_n0171w1_1828/0290,,,,,,,,,,
–,,"Goethe, Johann Wolfgang von",,Beyträge zur Optik.,"2 Bde. Industrie-Comptoir, Weimar 1791–1792.",1791–1792,,MDZ München,,http://nbn-resolving.de/urn/resolver.pl?urn=urn:nbn:de:bvb:12-bsb00073543-7,http://nbn-resolving.de/urn/resolver.pl?urn=urn:nbn:de:bvb:12-bsb00073547-8,,,,,,,,,,,,,,,,,,,,,"N-0171 w 1, S. 53, f0061",http://www.deutschestextarchiv.de/nn_n0171w1_1828/0061,,,,,,,,,,,,,,,,
–,,"Goethe, Johann Wolfgang von",,Wilhelm Meisters Lehrjahre.,"2. Bd. (von 4). [Unger], [Berlin] 1795. Humboldt zitiert einen Satz aus dem 3. Buch, 1. Kapitel, S. [7].",1795,,Deutsches Textarchiv,http://www.deutschestextarchiv.de/book/view/goethe_lehrjahre02_1795?p=13,,,,,,,,,,,,,,,,,,,,,,,"Ms. germ. qu. 2124, Bl. 81r, f0165",http://www.deutschestextarchiv.de/nn_msgermqu2124_1827/0165,"Hufeland, S. 152, f0156",http://www.deutschestextarchiv.de/hufeland_privatbesitz_1829/0156,,,,,,,,,,,,,,
–,,"Goethe, Johann Wolfgang von",,Zur Farbenlehre.,"2 Bde. Cotta, Tübingen 1810.",1810,,Deutsches Textarchiv,,http://deutschestextarchiv.de/book/show/goethe_farbenlehre01_1810,http://deutschestextarchiv.de/book/show/goethe_farbenlehre02_1810,,,,,,,,,,,,,,,,,,,,,"N-0171 w 1, S. 53, f0061",http://www.deutschestextarchiv.de/nn_n0171w1_1828/0061,,,,,,,,,,,,,,,,
–,,"Goethe, Johann Wolfgang von",,Die Metamorphose der Pflanzen.,"In: Zur Morphologie. 1. Bd. Cotta, Stuttgart und Tübingen 1817.",1817,"Vgl. auch das Gedicht „Die Metamorphose der Pflanzen“. In: Friedrich Schiller (Hg.): Musen-Almanach für das Jahr 1799. Cotta, Tübingen 1798. S. 17–23. Wikisource: https://de.wikisource.org/wiki/Die_Metamorphose_der_Pflanzen.",MDZ München,http://www.mdz-nbn-resolving.de/urn/resolver.pl?urn=urn:nbn:de:bvb:12-bsb10858632-9,,,,,,,,,,,,,,,,,,,,,,,"Ms. germ. qu. 1711, Bl. 48v, f0100–Bl. 49r, f0101",http://www.deutschestextarchiv.de/parthey_msgermqu1711_1828/0100,"Ms. germ. qu. 2345, S. [41], f0047",http://www.deutschestextarchiv.de/nn_msgermqu2345_1827/0047,"N-0171 w 1, S. 53, f0061",http://www.deutschestextarchiv.de/nn_n0171w1_1828/0061,,,,,,,,,,,,
–,,"Gruithuisen, Franz von Paula",,"Entdeckung vieler deutlichen [sic] Spuren der Mondbewohner, besonders eines colossalen Kunstgebäudes derselben.","O. V., [Nürnberg] 1824.",1824,"Es handelt sich um einen impliziten Verweis, bei dem weder Autor noch Werk benannt werden. – Zuerst erschienen in: Kastner, Karl Wilhelm Gottlob (Hg.): Archiv für die gesammte Naturlehre, Schrag, Nürnberg 1824. 1. Teil: Bd. 1, H. 1.S. 129–171. Harvard University: http://babel.hathitrust.org/cgi/pt?id=hvd.hw2b85;view=1up;seq=139. 2. Teil: Bd. 2, H. 3. S. 257–322. Harvard University: http://babel.hathitrust.org/cgi/pt?id=hvd.hw2b6s;view=1up;seq=267.",Deutsches Textarchiv,http://deutschestextarchiv.de/book/show/gruithuisen_mondbewohner_1824,,,,,,,,,,,,,,,,,,,,,,,"Ms. germ. qu. 2124, Bl. 76r, f0155–Bl. 76v, f0156",http://www.deutschestextarchiv.de/nn_msgermqu2124_1827/0155,"Hufeland, S. 141, f0145–S.142, f0146",http://www.deutschestextarchiv.de/hufeland_privatbesitz_1829/0145,,,,,,,,,,,,,,
–,,"Hochstetter, Ernst Friedrich",,"Allgemeine mathematische und physikalische Erdbeschreibung: zur Belehrung über die merkwürdigsten Eigenschaften unseres Planeten, und zur Beförderung eines lebendigen Sinnes für die Natur überhaupt.","4 Bde. Metzler, Stuttgart 1820–1823.",1820–1823,,ÖNB Wien/Google Books (ÖNB Wien),,http://data.onb.ac.at/ABO/%2BZ171895008,http://data.onb.ac.at/ABO/%2BZ171894909,https://books.google.de/books?id=pzZSAAAAcAAJ,https://books.google.de/books?id=RjdSAAAAcAAJ,,,,,,,,,,,,,,,,,,,"Ms. germ. qu. 1711, Bl. 47v, f0098",http://www.deutschestextarchiv.de/parthey_msgermqu1711_1828/0098,"Ms. germ. qu. 2345, S. [40], f0046",http://www.deutschestextarchiv.de/nn_msgermqu2345_1827/0046,"8"" Kart. GfE O 79, S. 57, f0063",http://www.deutschestextarchiv.de/nn_oktavgfeo79_1828/0063,"N-0171 w 1, S. 50, f0058",http://www.deutschestextarchiv.de/nn_n0171w1_1828/0058,,,,,,,,,,
4385,Genannt sind nur die Bände 1–3.,"Hoff, Karl Ernst Adolf von",,Geschichte der durch Überlieferung nachgewiesenen natürlichen Veränderungen der Erdoberfläche: Ein Versuch.,"5 Bde. Perthes, Gotha 1822–1841.",1822–1841,"Bände 3–5 (1834, 1840, 1841) erschienen erst nach den Vorträgen, Bände 4–5 zudem posthum.",MDZ München,,http://www.mdz-nbn-resolving.de/urn/resolver.pl?urn=urn:nbn:de:bvb:12-bsb10706939-4,http://www.mdz-nbn-resolving.de/urn/resolver.pl?urn=urn:nbn:de:bvb:12-bsb10283804-5,http://www.mdz-nbn-resolving.de/urn/resolver.pl?urn=urn:nbn:de:bvb:12-bsb10706941-2,http://www.mdz-nbn-resolving.de/urn/resolver.pl?urn=urn:nbn:de:bvb:12-bsb10706942-7,http://www.mdz-nbn-resolving.de/urn/resolver.pl?urn=urn:nbn:de:bvb:12-bsb10706943-3,,,,,,,,,,,,,,,,,,"Ms. germ. qu. 1711, Bl. 48r, f0099",http://www.deutschestextarchiv.de/parthey_msgermqu1711_1828/0099,"Ms. germ. qu. 2345, S. [40], f0046",http://www.deutschestextarchiv.de/nn_msgermqu2345_1827/0046,"8"" Kart. GfE O 79, S. 57, f0063–S. 58, f0064",http://www.deutschestextarchiv.de/nn_oktavgfeo79_1828/0063,"N-0171 w 1, S. 51, f0059",http://www.deutschestextarchiv.de/nn_n0171w1_1828/0059,,,,,,,,,,
4392,,"Hoffmann, Friedrich",,Ueber die geognostischen Verhältnisse des linken Weserufers bis zum Teutoburger Wald.,"In: Poggendorff, Johann C. (Hg.): Annalen der Physik und Chemie. 3. Band (1825). Barth, Leipzig 1825. S. 1–42.",1825,,Gallica (BnF),http://gallica.bnf.fr/ark:/12148/bpt6k15088m/f13,,,,,,,,,,,,,,,,,,,,,,,"Ms. germ. qu. 1711, Bl. 220v, f0444–Bl. 221r, f0445",http://www.deutschestextarchiv.de/parthey_msgermqu1711_1828/0444,"Ms. germ. qu. 2345, S. [192], f0198",http://www.deutschestextarchiv.de/nn_msgermqu2345_1827/0198,"8"" Kart. GfE O 79, S. 285, f0291",http://www.deutschestextarchiv.de/nn_oktavgfeo79_1828/0291,"N-0171 w 1, S. [342], f0350",http://www.deutschestextarchiv.de/nn_n0171w1_1828/0350,,,,,,,,,,
–,,"Hoffmannsegg, Johann Centurius von","Link, Heinrich Friedrich",Flore portugaise: ou Description de toutes les Plantes qui croissent naturellement en Portugal.,"2 Bde [in 22 Heften?]. Amelang / Selbstverlag, Berlin 1809–1840.",1809–18[40?],,Biblioteca Digital del Real Jardín Botánico,,http://bibdigital.rjb.csic.es/ing/Libro.php?Libro=344,http://bibdigital.rjb.csic.es/ing/Libro.php?Libro=345,,,,,,,,,,,,,,,,,,,,,"Ms. germ. qu. 1711, Bl. 358, f0719–f0720",http://www.deutschestextarchiv.de/parthey_msgermqu1711_1828/0719,"Libelt, S. 401, f0268",http://www.deutschestextarchiv.de/libelt_hs6623ii_1828/0268,,,,,,,,,,,,,,
–,,"Humboldt, Alexander von","Biot, Jean-Baptiste",Sur les Variations du Magnétisme terrestre a différentes Latitudes.,"In: La Métherie, Jean-Claude de (Hg.): Journal de Physique, de Chimie, d’Histoire naturelle et des Arts. 59. Band (1804). Fuchs, Paris 1804. S. 429–450.",1804,"Es erschien außerdem eine Übersetzung: Humboldt, Alexander von; Biot, Jean-Baptiste: Ueber die Variationen des Magnetismus der Erde in verschiedenen Breiten. In: Gilbert, Ludwig Wilhelm (Hg.): [Gilbert’s] Annalen der Physik. 22. Band (1805). Barth, Leipzig 1805. S. 257–298. Gallica (BnF): http://gallica.bnf.fr/ark:/12148/bpt6k150309/f271.",Biodiversity Heritage Library,http://www.biodiversitylibrary.org/item/29654#page/441,,,,,,,,,,,,,,,,,,,,,,,"Ms. germ. qu. 1711, Bl. 163r, f0329",http://www.deutschestextarchiv.de/parthey_msgermqu1711_1828/0329,,,,,,,,,,,,,,,,
–,,"Humboldt, Alexander von",,Note sur la Communication qui existe entre l’Orénoque et la Rivière des Amazones.,"In: Journal de l’École polytechnique. Band 4 (1810). Imprimerie impériale, Paris 1810. S. 65–68.",1810,"Wird zusammen mit Prony, Riche: Extrait des   Recherches de M. De Prony: sur le Système hydraulique de l’Italie genannt.",Gallica (BnF),http://gallica.bnf.fr/ark:/12148/bpt6k433667x/f70,,,,,,,,,,,,,,,,,,,,,,,"Ms. germ. qu. 1711, Bl. 242r, f0487",http://www.deutschestextarchiv.de/parthey_msgermqu1711_1828/0487,"Ms. germ. qu. 2345, S. [217], f0223",http://www.deutschestextarchiv.de/nn_msgermqu2345_1827/0223,"8"" Kart. GfE O 79, S. 322, f0328",http://www.deutschestextarchiv.de/nn_oktavgfeo79_1828/0328,"N-0171 w 1, S. 373, f0379",http://www.deutschestextarchiv.de/nn_n0171w1_1828/0379,,,,,,,,,,
–,,"Humboldt, Alexander von",,Geognostischer Versuch über die Lagerung der Gebirgsarten in beiden Erdhälften.,"Übers. v. Carl Cäsar von Leonhard. Levrault, Straßburg 1823.",1823,"Das Werk erschien zuerst auf französisch im selben Jahr: Humboldt, Alexander von: Essai géognostique sur le Gisement des Roches dans les deux Hémisphères. Levrault, Paris 1823. MDZ München: http://www.mdz-nbn-resolving.de/urn/resolver.pl?urn=urn:nbn:de:bvb:12-bsb10706948-0. Stevens-Nr. 4629.",e-rara (ETH-Bibliothek Zürich),http://dx.doi.org/10.3931/e-rara-22308,,,,,,,,,,,,,,,,,,,,,,,"Ms. germ. qu. 1711, Bl. 211r, f0425",http://www.deutschestextarchiv.de/parthey_msgermqu1711_1828/0425,"Ms. germ. qu. 2345, S. [180], f0186",http://www.deutschestextarchiv.de/nn_msgermqu2345_1827/0186,,,,,,,,,,,,,,
4638,,"Humboldt, Alexander von",,Bericht über die Naturhistorischen Reisen der Herren Ehrenberg und Hemprich.,"In: Abhandlungen der Königlichen Akademie der Wissenschaften zu Berlin. Aus dem Jahre 1826. Selbstverlag, Berlin 1829. S. 111–134.",1829,,Deutsches Textarchiv,http://www.deutschestextarchiv.de/book/show/humboldt_bericht_1826,,,,,,,,,,,,,,,,,,,,,,,"Ms. germ. qu. 1711, Bl. 298r, f0599",http://www.deutschestextarchiv.de/parthey_msgermqu1711_1828/0599,"Ms. germ. qu. 2345, S. [254], f0260",http://www.deutschestextarchiv.de/nn_msgermqu2345_1827/0260,"8"" Kart. GfE O 79, S. 422, f0428",http://www.deutschestextarchiv.de/nn_oktavgfeo79_1828/0428,"N-0171 w 1, S. 463, f0469",http://www.deutschestextarchiv.de/nn_n0171w1_1828/0469,,,,,,,,,,
4597,,"Humboldt, Alexander von",,[Abhandlung über Gelbfieber].,"In: Essai politique sur le Royaume de la Nouelle-Espagne. 4. Band. Schoell, Paris 1811. S. 477–564.",1811,,MDZ München,http://reader.digitale-sammlungen.de/de/fs1/object/display/bsb10723307_00485.html,,,,,,,,,,,,,,,,,,,,,,,"Ms. germ. qu. 1711, Bl. 312v, f0628",http://www.deutschestextarchiv.de/parthey_msgermqu1711_1828/0628,"Libelt, S. 357, f0224",http://www.deutschestextarchiv.de/libelt_hs6623ii_1828/0224,,,,,,,,,,,,,,
–,,"Humboldt, Alexander von",,"Bemerkungen über das gelbe Fieber, und dessen Zusammenhang mit der Temperatur.","Übers. v. Ludwig Wilhelm Gilbert. In: Gilbert, Ludwig Wilhelm (Hg.): [Gilbert’s] Annalen der Physik. 43. Band (1813). Barth, Leipzig 1813. S. 257–295.",1813,,Gallica (BnF),http://gallica.bnf.fr/ark:/12148/bpt6k15053z/f265,,,,,,,,,,,,,,,,,,,,,,,"Ms. germ. qu. 1711, Bl. 312v, f0628",http://www.deutschestextarchiv.de/parthey_msgermqu1711_1828/0628,"Libelt, S. 357, f0224",http://www.deutschestextarchiv.de/libelt_hs6623ii_1828/0224,,,,,,,,,,,,,,
4613,,"Humboldt, Alexander von",,"De Distributione geographica Plantarum secundum Coeli Temperiem et Altitudinem Montium, Prolegomena.","[Libraria Graeco-Latino-Germanica], Paris 1817.",1817,,e-rara (ETH-Bibliothek Zürich),http://dx.doi.org/10.3931/e-rara-23950,,,,,,,,,,,,,,,,,,,,,,,"Ms. germ. qu. 1711, Bl. 345v, f0694",http://www.deutschestextarchiv.de/parthey_msgermqu1711_1828/0694,"8"" Kart. GfE O 79, S. 502, f0508",http://www.deutschestextarchiv.de/nn_oktavgfeo79_1828/0508,"N-0171 w 1, S. 547, f0553",http://www.deutschestextarchiv.de/nn_n0171w1_1828/0553,"Libelt, S. 390, f0257",http://www.deutschestextarchiv.de/libelt_hs6623ii_1828/0257,,,,,,,,,,
4635,"Mit Farbtafel, die im angeführten Digitalisat nicht enthalten ist.","Humboldt, Alexander von",,De quelques Phénomènes physiques et géologiques qu’offrent les Cordillères des Andes de Quito et la Partie occidentale de l’Himalaya.,"In: Annales des Sciences naturelles. 4. Band (1825). Béchet jeune, Paris 182[5]. S. 225–253.",1825,,Biodiversity Heritage Library,http://www.biodiversitylibrary.org/item/47903#page/231,,,,,,,,,,,,,,,,,,,,,,,"Ms. germ. qu. 1711, Bl. 238r, f0479",http://www.deutschestextarchiv.de/parthey_msgermqu1711_1828/0479,"Ms. germ. qu. 2345, S. [214], f0220",http://www.deutschestextarchiv.de/nn_msgermqu2345_1827/0220,"8"" Kart. GfE O 79, S. 316, f0322",http://www.deutschestextarchiv.de/nn_oktavgfeo79_1828/0322,"N-0171 w 1, S. [368], f0374",http://www.deutschestextarchiv.de/nn_n0171w1_1828/0374,"Libelt, S. 264, f0129",http://www.deutschestextarchiv.de/libelt_hs6623ii_1828/0129,"Ms. germ. fol. 841/Ms. germ. fol. 842, S. 245, f0262",http://www.deutschestextarchiv.de/patzig_msgermfol841842_1828/0262,"Riess, S. 55, f0060",http://www.deutschestextarchiv.de/riess_f2e1853_1828/0060,,,,
4548,,"Humboldt, Wilhelm von",,Über die Kawi-Sprache auf der Insel Java: nebst einer Einleitung über die Verschiedenheit des menschlichen Sprachbaues und ihren Einfluß auf die geistige Entwickelung des Menschengeschlechts.,"3 Bde. Dümmler, Berlin 1836–1839.",1836–1839,"Humboldt bezieht sich explizit auf ein Werk seines Bruders, das „bis jetzt noch nicht im Druck erschienen ist“; der angegebene Titel „Untersuchungen über den Bau und die Verwandtschaften der Sprachen bei allen Völkern“ (beide Zitate aus N-0171 w 1) deutet vor allem auf die Einleitung des Werks hin, die auch als Separatdruck erschien: Über die Verschiedenheit des Sprachbaues und ihren Einfluß auf die geistige Entwickelung des Menschengeschlechts. Dümmler, Berlin 1836. MDZ München: http://www.mdz-nbn-resolving.de/urn/resolver.pl?urn=urn:nbn:de:bvb:12-bsb11298778-3. Das Vorwort hierzu schrieb A. v. Humboldt selbst.",Harvard University,,http://babel.hathitrust.org/cgi/pt?id=hvd.32044086552593,http://babel.hathitrust.org/cgi/pt?id=hvd.32044098903545,http://babel.hathitrust.org/cgi/pt?id=hvd.32044098903867,,,,,,,,,,,,,,,,,,,,"Ms. germ. qu. 1711, Bl. 22v, f0048–Bl. 23r, f0049, Bl. 386v, f0776",http://www.deutschestextarchiv.de/parthey_msgermqu1711_1828/0048,"Ms. germ. qu. 2345, S. [16], f0022, S. [312], f0318",http://www.deutschestextarchiv.de/nn_msgermqu2345_1827/0022,"8"" Kart. GfE O 79, S. 25, f0031–S. 26, f0032, S. 582, f0588",http://www.deutschestextarchiv.de/nn_oktavgfeo79_1828/0031,"N-0171 w 1, S. [634], f0640",http://www.deutschestextarchiv.de/nn_n0171w1_1828/0640,"Ms. germ. qu. 2124, Bl. 45v, f0094",http://www.deutschestextarchiv.de/nn_msgermqu2124_1827/0094,"Hufeland, S. 84, f0088–S. 85, f0089",http://www.deutschestextarchiv.de/hufeland_privatbesitz_1829/0088,,,,,,
–,,"Johannsen, Carl Theodor",,"Historia Iemanae: e Codice Manuscripto arabico, cui Titulus est: Buġyat al-mustafīd fī aḫbār madīnat Zabīd concinnata.","Marcus, Bonn 1828.",1828,Transliteration des Arabischen nach den Angaben der ULB Sachsen-Anhalt.,ULB Sachsen-Anhalt,http://nbn-resolving.de/urn:nbn:de:gbv:3:5-12102,,,,,,,,,,,,,,,,,,,,,,,"Ms. germ. qu. 1711, Bl. 388v, f0780",http://www.deutschestextarchiv.de/parthey_msgermqu1711_1828/0780,,,,,,,,,,,,,,,,
–,,"La Métherie, Jean-Claude de",,Théorie de la Terre.,"5 Bde. 2. Aufl. Maradan, Paris 1797.",1797,,Google Books (Universität Lausanne),,https://books.google.de/books?id=rPcTAAAAQAAJ,https://books.google.de/books?id=5fcTAAAAQAAJ,https://books.google.de/books?id=AvgTAAAAQAAJ,https://books.google.de/books?id=MvgTAAAAQAAJ,https://books.google.de/books?id=W_gTAAAAQAAJ,,,,,,,,,,,,,,,,,,"Ms. germ. qu. 1711, Bl. 47v, f0098",http://www.deutschestextarchiv.de/parthey_msgermqu1711_1828/0098,"Ms. germ. qu. 2345, S. [39], f0045",http://www.deutschestextarchiv.de/nn_msgermqu2345_1827/0045,"8"" Kart. GfE O 79, S. 57, f0063",http://www.deutschestextarchiv.de/nn_oktavgfeo79_1828/0063,"N-0171 w 1, S. 50, f0058",http://www.deutschestextarchiv.de/nn_n0171w1_1828/0058,,,,,,,,,,
5671,,"Laplace, Pierre Simon de",,Exposition du Système du Monde.,"2 Bde. 5. Aufl. Bachelier, Paris 1824.",1824,,University of Michigan,,http://babel.hathitrust.org/cgi/pt?id=mdp.39015065834924,http://babel.hathitrust.org/cgi/pt?id=mdp.39015065834759,,,,,,,,,,,,,,,,,,,,,"Ms. germ. qu. 1711, Bl. 47v, f0098",http://www.deutschestextarchiv.de/parthey_msgermqu1711_1828/0098,"Ms. germ. qu. 2345, S. [40], f0046",http://www.deutschestextarchiv.de/nn_msgermqu2345_1827/0046,"8"" Kart. GfE O 79, S. 57, f0063",http://www.deutschestextarchiv.de/nn_oktavgfeo79_1828/0063,"N-0171 w 1, S. 50, f0058",http://www.deutschestextarchiv.de/nn_n0171w1_1828/0058,,,,,,,,,,
6023,Den 1. Band besaß Humboldt später in der 2. Auflage. Auch die in Fußnote 82 genannte Fortsetzung wird unter der gleichen Nummer aufgezählt.,"Link, Heinrich Friedrich",,Die Urwelt und das Alterthum: erläutert durch die Naturkunde.,"2 Bde. Dümmler, Berlin 1821–1822.",1821–1822,"Laut Gustav Parthey sagte Humboldt dazu: „[...] wovon ich Hofnung machen darf, dass wir bald den Beschlus erhalten werden.“ (Ms. germ. qu. 1711, Bl. 47v, f0098)   Tatsächlich erschien die Fortsetzung erst 20 Jahre später: Das Alterthum und der Übergang zur neuern Zeit: Eine Fortsetzung des Buches über die Urwelt und das Alterthum.   Dümmler, Berlin 1842. MDZ München: http://www.mdz-nbn-resolving.de/urn/resolver.pl?urn=urn:nbn:de:bvb:12-bsb10432730-5.",ÖNB Wien,,http://data.onb.ac.at/ABO/%2BZ176191408,http://data.onb.ac.at/ABO/%2BZ176191500,,,,,,,,,,,,,,,,,,,,,"Ms. germ. qu. 1711, Bl. 47v, f0098, Bl. 359v, f0722, Bl. 362r, f0727",http://www.deutschestextarchiv.de/parthey_msgermqu1711_1828/0098,"Ms. germ. qu. 2345, S. [40], f0046, S. [296], f0302, S. [297], f0303",http://www.deutschestextarchiv.de/nn_msgermqu2345_1827/0046,"8"" Kart. GfE O 79, S. 57, f0063, S. 529, f0535, S. 533, f0539",http://www.deutschestextarchiv.de/nn_oktavgfeo79_1828/0063,"N-0171 w 1, S. 50, f0058, S. 577, f0583, S. 573, f0579, S. [578], f0584",http://www.deutschestextarchiv.de/nn_n0171w1_1828/0058,"Libelt, S. 404, f0271, S. 402, f0269",http://www.deutschestextarchiv.de/libelt_hs6623ii_1828/0271,"Ms. germ. fol. 841/Ms. germ. fol. 842, S. 5[9], f0063, S. 359, f0376, S. 361, f0378",http://www.deutschestextarchiv.de/patzig_msgermfol841842_1828/0063,"Riess, S. 76, f0081",http://www.deutschestextarchiv.de/riess_f2e1853_1828/0081,,,,
6022,,"Link, Heinrich Friedrich",,Handbuch der physikalischen Erdbeschreibung.,"2 Bde. Dümmler, Berlin 1826–1830.",1826–1830,"Es erschienen lediglich Band 1 und 2,1. Zum Zeitpunkt der Vorträge war nur der erste Band erschienen.",MDZ München,,http://www.mdz-nbn-resolving.de/urn/resolver.pl?urn=urn:nbn:de:bvb:12-bsb10134169-8,http://www.mdz-nbn-resolving.de/urn/resolver.pl?urn=urn:nbn:de:bvb:12-bsb10134170-1,,,,,,,,,,,,,,,,,,,,,"Ms. germ. qu. 2345, S. [40], f0046",http://www.deutschestextarchiv.de/nn_msgermqu2345_1827/0046,"N-0171 w 1, S. 50, f0058",http://www.deutschestextarchiv.de/nn_n0171w1_1828/0058,"Riess, S. 17, f0022",http://www.deutschestextarchiv.de/riess_f2e1853_1828/0022,,,,,,,,,,,,
–,,"Link, Heinrich Friedrich",,Ueber die ältere Geschichte der Getreidearten.,"In: Abhandlungen der physikalischen Klasse der Königlich-Preussischen Akademie der Wissenschaften aus den Jahren 1816–1817. Realschul-Buchhandlung, Berlin 1819. S. 123–142.",1819,"Später erschien noch eine zweite Abhandlung: Über die ältern Geschichten der Getreidearten. In: Abhandlungen der Königlichen Akademie der Wissenschaften zu Berlin. Jg. 1826. Selbstverlag, Berlin 1829. S. 67–82. Biodiversity Heritage Library: http://biodiversitylibrary.org/item/93757#page/99.",Internet Archive (Natural History Museum Library London),https://archive.org/stream/abhandlungenderp16akad#page/n146,,,,,,,,,,,,,,,,,,,,,,,"Ms. germ. qu. 1711, Bl. 362r, f0727",http://www.deutschestextarchiv.de/parthey_msgermqu1711_1828/0727,,,,,,,,,,,,,,,,
–,,"Link, Heinrich Friedrich",,Beyträge zur Naturgeschichte.,"Bd. 2. Stiller, Rostock u. Leipzig 1801. S. 20–22. (= Geologische und mineralogische Bemerkungen auf einer Reise durch das südwestliche Europa, besonders Portugal.)",1801,,GDZ Göttingen,http://resolver.sub.uni-goettingen.de/purl?PPN577799649,,,,,,,,,,,,,,,,,,,,,,,"Ms. germ. qu. 1711, Bl. 189r, f0381",http://www.deutschestextarchiv.de/parthey_msgermqu1711_1828/0381,"Ms. germ. qu. 2345, S. [158], f0164",http://www.deutschestextarchiv.de/nn_msgermqu2345_1827/0164,"N-0171 w 1, S. [299], f0307",http://www.deutschestextarchiv.de/nn_n0171w1_1828/0307,"Libelt, S. 204, f0069",http://www.deutschestextarchiv.de/libelt_hs6623ii_1828/0069,"Riess, S. 49, f0054",http://www.deutschestextarchiv.de/riess_f2e1853_1828/0054,,,,,,,,
–,,"Littrow, Joseph Johann von",,Theoretische und practische Astronomie.,"3 Bde. Wallishauser, Wien 1821–1827.",1821–1827,,MDZ München,,http://www.mdz-nbn-resolving.de/urn/resolver.pl?urn=urn:nbn:de:bvb:12-bsb10061023-0,http://www.mdz-nbn-resolving.de/urn/resolver.pl?urn=urn:nbn:de:bvb:12-bsb10061024-6,http://www.mdz-nbn-resolving.de/urn/resolver.pl?urn=urn:nbn:de:bvb:12-bsb10061025-1,,,,,,,,,,,,,,,,,,,,"Ms. germ. qu. 1711, Bl. 47v, f0098",http://www.deutschestextarchiv.de/parthey_msgermqu1711_1828/0098,"Ms. germ. qu. 2345, S. [40], f0046",http://www.deutschestextarchiv.de/nn_msgermqu2345_1827/0046,"8"" Kart. GfE O 79, S. 57, f0063",http://www.deutschestextarchiv.de/nn_oktavgfeo79_1828/0063,"N-0171 w 1, S. 50, f0058",http://www.deutschestextarchiv.de/nn_n0171w1_1828/0058,,,,,,,,,,
6054,,"Littrow, Joseph Johann von",,Populäre Astronomie.,"3 Bde. Heubner, Wien 1825.",1825,,MDZ München,,http://www.mdz-nbn-resolving.de/urn/resolver.pl?urn=urn:nbn:de:bvb:12-bsb10061013-5,http://www.mdz-nbn-resolving.de/urn/resolver.pl?urn=urn:nbn:de:bvb:12-bsb10061014-0,http://www.mdz-nbn-resolving.de/urn/resolver.pl?urn=urn:nbn:de:bvb:12-bsb10061015-6,,,,,,,,,,,,,,,,,,,,"Ms. germ. qu. 1711, Bl. 47v, f0098",http://www.deutschestextarchiv.de/parthey_msgermqu1711_1828/0098,"Ms. germ. qu. 2345, S. [40], f0046",http://www.deutschestextarchiv.de/nn_msgermqu2345_1827/0046,"8"" Kart. GfE O 79, S. 57, f0063",http://www.deutschestextarchiv.de/nn_oktavgfeo79_1828/0063,"N-0171 w 1, S. 50, f0058",http://www.deutschestextarchiv.de/nn_n0171w1_1828/0058,,,,,,,,,,
–,,"Lulofs, Johan",,Einleitung zu der mathematischen und physikalischen Kenntniß der Erdkugel.,Übers. v. Abraham Gotthelf Kästner. Göttingen u. Leipzig 1755.,1755,,MDZ München,http://www.mdz-nbn-resolving.de/urn/resolver.pl?urn=urn:nbn:de:bvb:12-bsb10052986-1,,,,,,,,,,,,,,,,,,,,,,,"Ms. germ. qu. 2345, S. [39], f0045",http://www.deutschestextarchiv.de/nn_msgermqu2345_1827/0045,"8"" Kart. GfE O 79, S. 57, f0063",http://www.deutschestextarchiv.de/nn_oktavgfeo79_1828/0063,,,,,,,,,,,,,,
3286,"Bezieht sich auf das gesamte Lexikon, von dem Humboldt auch die 1. Ausgabe besaß (Stevens-Nr. 3285).","M[uncke], [Georg Wilhelm]",,Erde.,"In: Brandes, Heinrich Wilhelm; Gmelin, Leopold; Horner, Johann Caspar; Ders.; Pfaff, Christoph H.: Johann Samuel Traugott Gehler’s Physikalisches Wörterbuch: neu bearbeitet. 20 Bde., 1825–1845. 3. Band: E. Schwickert, Leipzig 1827. S. 825–1141.",1827,,MDZ München,http://reader.digitale-sammlungen.de/de/fs1/object/display/bsb10131084_00835.html,,,,,,,,,,,,,,,,,,,,,,,"Ms. germ. qu. 1711, Bl. 47v, f0098",http://www.deutschestextarchiv.de/parthey_msgermqu1711_1828/0098,"Ms. germ. qu. 2345, S. [40], f0046",http://www.deutschestextarchiv.de/nn_msgermqu2345_1827/0046,"N-0171 w 1, S. 50, f0058",http://www.deutschestextarchiv.de/nn_n0171w1_1828/0058,,,,,,,,,,,,
–,,"Mädler, Johann Heinrich von",,Ueber das äußerste u[.] das mittlere jährl. Extrem der Kälte zu Berlin.,Ms. [Berlin 1828].,1828,"Nachl. Alexander von Humboldt, gr. Kasten 1, Mappe 2, Nr. 14.",SB Berlin,http://resolver.staatsbibliothek-berlin.de/SBB0001623900000000,,,,,,,,,,,,,,,,,,,,,,,"Ms. germ. qu. 1711, Bl. 312r, f0627",http://www.deutschestextarchiv.de/parthey_msgermqu1711_1828/0627,"Ms. germ. qu. 2345, S. [266], f0272",http://www.deutschestextarchiv.de/nn_msgermqu2345_1827/0272,"8"" Kart. GfE O 79, S. 443, f0449",http://www.deutschestextarchiv.de/nn_oktavgfeo79_1828/0449,"N-0171 w 1, S. [486], f0492",http://www.deutschestextarchiv.de/nn_n0171w1_1828/0492,,,,,,,,,,
–,,"Mädler, Johann Heinrich von",,Die Kälte in Berlin stieg über ‒10 Grad.,Ms. [Berlin 1828].,1828,"Nachl. Alexander von Humboldt, gr. Kasten 1, Mappe 2, Nr. 13.",SB Berlin,http://resolver.staatsbibliothek-berlin.de/SBB000162A400000000,,,,,,,,,,,,,,,,,,,,,,,"Ms. germ. qu. 1711, Bl. 312r, f0627",http://www.deutschestextarchiv.de/parthey_msgermqu1711_1828/0627,"Ms. germ. qu. 2345, S. [266], f0272",http://www.deutschestextarchiv.de/nn_msgermqu2345_1827/0272,"8"" Kart. GfE O 79, S. 443, f0449",http://www.deutschestextarchiv.de/nn_oktavgfeo79_1828/0449,"N-0171 w 1, S. [486], f0492",http://www.deutschestextarchiv.de/nn_n0171w1_1828/0492,,,,,,,,,,
44,"Als Konvolut der Histoire de l’Académie Royale des Sciences, Jg. 1699–1790.","Mairan, Jean Jacques de",,"Memoire: Sur la Cause generale du Froid en Hiver, & de la Chaleur en Eté.","In: Histoire de l’Académie Royale des Sciences. Jg. 1719. Selbstverlag, Paris 1721. S. 104–135.",1721,,Gallica (BnF),http://gallica.bnf.fr/ark:/12148/bpt6k54262447/f249,,,,,,,,,,,,,,,,,,,,,,,"Ms. germ. qu. 1711, Bl. 154, f0311–f0312",http://www.deutschestextarchiv.de/parthey_msgermqu1711_1828/0311,"Ms. germ. qu. 2345, S. [135], f0141",http://www.deutschestextarchiv.de/nn_msgermqu2345_1827/0141,"8"" Kart. GfE O 79, S. 182–183, f0188–f0189",http://www.deutschestextarchiv.de/nn_oktavgfeo79_1828/0188,"N-0171 w 1, S. [242], f0250",http://www.deutschestextarchiv.de/nn_n0171w1_1828/0250,"Libelt, S. 175–176, f0040–f0041",http://www.deutschestextarchiv.de/libelt_hs6623ii_1828/0040,"Ms. germ. fol. 841/Ms. germ. fol. 842, S. 173, f0177",http://www.deutschestextarchiv.de/patzig_msgermfol841842_1828/0177,,,,,,
44,"Als Konvolut der Histoire de l’Académie Royale des Sciences, Jg. 1699–1790.","Mairan, Jean Jacques de",,"Eclaircissement: Sur le Memoire de la Cause generale du Froid en Hiver, & de la Chaleur en Eté.","Mem. 1719. page 104. In: Histoire de l’Académie Royale des Sciences. Jg. 1721. Selbstverlag, Paris 1723. S. 8–17.",1723,,Gallica (BnF),http://gallica.bnf.fr/ark:/12148/bpt6k5425624j/f123,,,,,,,,,,,,,,,,,,,,,,,"Ms. germ. qu. 1711, Bl. 154, f0311–f0312",http://www.deutschestextarchiv.de/parthey_msgermqu1711_1828/0311,"Ms. germ. qu. 2345, S. [135], f0141",http://www.deutschestextarchiv.de/nn_msgermqu2345_1827/0141,"8"" Kart. GfE O 79, S. 182–183, f0188–f0189",http://www.deutschestextarchiv.de/nn_oktavgfeo79_1828/0188,"N-0171 w 1, S. [242], f0250",http://www.deutschestextarchiv.de/nn_n0171w1_1828/0250,"Libelt, S. 175–176, f0040–f0041",http://www.deutschestextarchiv.de/libelt_hs6623ii_1828/0040,"Ms. germ. fol. 841/Ms. germ. fol. 842, S. 173, f0177",http://www.deutschestextarchiv.de/patzig_msgermfol841842_1828/0177,,,,,,
44,"Als Konvolut der Histoire de l’Académie Royale des Sciences, Jg. 1699–1790.","Mairan, Jean Jacques de",,"Nouvelles Recherches: Sur la Cause générale du chaud en Été & du Froid en Hiver, en tant qu’elle se lie à la Chaleur interne & permanente de la Terre;","En Supplément & Correction au Mémoire qui fut donné sur ce Sujet dans le Volume de 1719, page 104. In: Histoire de l’Académie Royale des Sciences. Jg. 1765. Selbstverlag, Paris 1768. S. 143–266.",1768,,Gallica (BnF),http://gallica.bnf.fr/ark:/12148/bpt6k3563c/f313,,,,,,,,,,,,,,,,,,,,,,,"Ms. germ. qu. 1711, Bl. 154, f0311–f0312",http://www.deutschestextarchiv.de/parthey_msgermqu1711_1828/0311,"Ms. germ. qu. 2345, S. [135], f0141",http://www.deutschestextarchiv.de/nn_msgermqu2345_1827/0141,"8"" Kart. GfE O 79, S. 182–183, f0188–f0189",http://www.deutschestextarchiv.de/nn_oktavgfeo79_1828/0188,"N-0171 w 1, S. [242], f0250",http://www.deutschestextarchiv.de/nn_n0171w1_1828/0250,"Libelt, S. 175–176, f0040–f0041",http://www.deutschestextarchiv.de/libelt_hs6623ii_1828/0040,"Ms. germ. fol. 841/Ms. germ. fol. 842, S. 173, f0177",http://www.deutschestextarchiv.de/patzig_msgermfol841842_1828/0177,,,,,,
6281,Aufgeführt ist aber ein Teil der Ausgabe Paris 1831–1837 in 12 Bde. (Stevens-Nr. 6281 mit 3 Bde.).,"Malte-Brun, Conrad",,"Précis de la Géographie universelle: ou Description de toutes les Parties du Monde, sur un Plan nouveau.","8 Bde. Buisson / Volland / Aimé-André, Paris 1810–1829.",1810–1829,Bände 7 und 8 erschienen erst nach den Vorträgen.,MDZ München,,http://www.mdz-nbn-resolving.de/urn/resolver.pl?urn=urn:nbn:de:bvb:12-bsb10714489-3,http://www.mdz-nbn-resolving.de/urn/resolver.pl?urn=urn:nbn:de:bvb:12-bsb10714490-1,http://www.mdz-nbn-resolving.de/urn/resolver.pl?urn=urn:nbn:de:bvb:12-bsb10714491-6,http://www.mdz-nbn-resolving.de/urn/resolver.pl?urn=urn:nbn:de:bvb:12-bsb10714492-2,http://www.mdz-nbn-resolving.de/urn/resolver.pl?urn=urn:nbn:de:bvb:12-bsb10714493-7,http://www.mdz-nbn-resolving.de/urn/resolver.pl?urn=urn:nbn:de:bvb:12-bsb10714494-2,http://www.mdz-nbn-resolving.de/urn/resolver.pl?urn=urn:nbn:de:bvb:12-bsb10714495-8,http://www.mdz-nbn-resolving.de/urn/resolver.pl?urn=urn:nbn:de:bvb:12-bsb10714496-3,,,,,,,,,,,,,,,"Ms. germ. qu. 1711, Bl. 47v, f0098",http://www.deutschestextarchiv.de/parthey_msgermqu1711_1828/0098,"Ms. germ. qu. 2345, S. [39], f0045",http://www.deutschestextarchiv.de/nn_msgermqu2345_1827/0045,"N-0171 w 1, S. 50, f0058",http://www.deutschestextarchiv.de/nn_n0171w1_1828/0058,,,,,,,,,,,,
–,,"Mitterpacher, Ludwig",,Physikalische Erdbeschreibung.,"Wappler, Wien 1789.",1789,,MDZ München,http://www.mdz-nbn-resolving.de/urn/resolver.pl?urn=urn:nbn:de:bvb:12-bsb10134339-3,,,,,,,,,,,,,,,,,,,,,,,"Ms. germ. qu. 1711, Bl. 47r, f0097",http://www.deutschestextarchiv.de/parthey_msgermqu1711_1828/0097,"N-0171 w 1, S. 49, f0057",http://www.deutschestextarchiv.de/nn_n0171w1_1828/0057,,,,,,,,,,,,,,
7015,Auch Band 1 der Reihe wird aufgeführt.,"Muncke, Georg Wilhelm",,Anfangsgründe der mathematischen und physischen Geographie nebst Atmosphaerologie: zum Gebrauche öffentlicher Vorlesungen.,"Groos, Heidelberg 1820. (= Anfangsgründe der Naturlehre: zum Gebrauche academischer Vorlesungen. Bd. 2.)",1820,,MDZ München,http://www.mdz-nbn-resolving.de/urn/resolver.pl?urn=urn:nbn:de:bvb:12-bsb10131609-7,,,,,,,,,,,,,,,,,,,,,,,"Ms. germ. qu. 1711, Bl. 47v, f0098",http://www.deutschestextarchiv.de/parthey_msgermqu1711_1828/0098,"Ms. germ. qu. 2345, S. [40], f0046",http://www.deutschestextarchiv.de/nn_msgermqu2345_1827/0046,"N-0171 w 1, S. 50, f0058",http://www.deutschestextarchiv.de/nn_n0171w1_1828/0058,,,,,,,,,,,,
–,,"Necker, Louis Albert",,Coup-d’Œil sur la Nature dans les Isles Hébrides;,"Mémoire lû à la Société de Physique et d’Histoire Naturelle de Genève, le 31 août 1809. In: Bibliotheque Britannique. 42. Band (1809). Selbstverlag, Genf 1809. S. 55–92, hier S. 90.",1809,,University of Minnesota,https://babel.hathitrust.org/cgi/pt?id=umn.31951000968668o;view=1up;seq=59,,,,,,,,,,,,,,,,,,,,,,,"Ms. germ. qu. 1711, Bl. 256v, f0516",http://www.deutschestextarchiv.de/parthey_msgermqu1711_1828/0516,"8"" Kart. GfE O 79, S. 341, f0347",http://www.deutschestextarchiv.de/nn_oktavgfeo79_1828/0347,"Libelt, S. 293–294, f0158–f0159",http://www.deutschestextarchiv.de/libelt_hs6623ii_1828/0158,"Ms. germ. fol. 841/Ms. germ. fol. 842, S. 261, f0278",http://www.deutschestextarchiv.de/patzig_msgermfol841842_1828/0278,"Riess, S. 58, f0063",http://www.deutschestextarchiv.de/riess_f2e1853_1828/0063,,,,,,,,
–,,"Parrot, Georg Friedrich",,Grundriß der Physik der Erde und Geologie: zum Gebrauche für akademische Vorlesungen.,"Meinshausen, Riga u. Leipzig 1815. (= Grundriß der theoretischen Physik: zum Gebrauche für akademische Vorlesungen. Bd. 3.)",1815,,MDZ München,http://www.mdz-nbn-resolving.de/urn/resolver.pl?urn=urn:nbn:de:bvb:12-bsb10131758-8,,,,,,,,,,,,,,,,,,,,,,,"Ms. germ. qu. 2345, S. [40], f0046",http://www.deutschestextarchiv.de/nn_msgermqu2345_1827/0046,"8"" Kart. GfE O 79, S. 57, f0063",http://www.deutschestextarchiv.de/nn_oktavgfeo79_1828/0063,,,,,,,,,,,,,,
239,"Als Konvolut der Annalen der Physik und Chemie, Bd. 1–106.","Perkins, James",,Ueber die Zusammendrückung des Wassers und über die Wirkung des Drucks auf einige andere Flüssigkeiten.,"In: Poggendorff, Johann C. (Hg.): Annalen der Physik und Chemie. 9. Band (1827). Barth, Leipzig 1827. S. 547–556.",1827,"„[F]rei abgekürzt und übersetzt“ von Poggendorff. Quelle: Perkins, James; Wollaston, William Hyde: On the progressive Compression of Water by high Degrees of Force, with some Trials of its Effects on other Fluids. In: Philosophical Transactions of the Royal Society of London. 116. Band (1826). Nicol, London 1826. S. 541–547. Royal Society: http://rstl.royalsocietypublishing.org/content/116/541.full.pdf+html. Zuvor war bereits erschienen: Perkins, James; Roget, Peter Mark: Versuche über die Zusammendrückbarkeit des Wassers. Übers. v. Ludwig Wilhelm Gilbert. In: Gilbert, Ludwig Wilhelm (Hg.): [Gilbert’s] Annalen der Physik. 72. Band (1822). Barth, Leipzig 1822. S. 173–180. Gallica (BnF): http://gallica.bnf.fr/ark:/12148/bpt6k150816/f187. (Poggendorff: „[...] jedoch ist dieselbe [Untersuchung] zum Verstehen der gegenwärtigen nicht wesentlich nöthig.“)",Gallica (BnF),http://gallica.bnf.fr/ark:/12148/bpt6k15094j/f559,,,,,,,,,,,,,,,,,,,,,,,"Ms. germ. qu. 1711, Bl. 218r, f0439",http://www.deutschestextarchiv.de/parthey_msgermqu1711_1828/0439,"Ms. germ. qu. 2345, S. [189], f0195",http://www.deutschestextarchiv.de/nn_msgermqu2345_1827/0195,,,,,,,,,,,,,,
7814,,"Plinius Caecilius Secundus, Gaius [d. J.]",,Epistolae et Panegyricus.,"Tauchnitz, Leipzig [182?]. Humboldt bezieht sich auf verschiedene Briefe, insbesondere: Epistulae I,9; II,17; IV,6 (zu Plinius’ Landgut Laurentinum); V,6; IX,36 (zu Plinius’ Landgut Tusci).",182?,"Zur Datierung dieser Ausgabe vgl. Schweiger, Franz L. A.: Handbuch der classischen Bibliographie. Bd. 2,2: Lateinische Schriftsteller. Fleischer, Leipzig 1834. S. 808. New York Public Library: http://babel.hathitrust.org/cgi/pt?id=nyp.33433074387832;view=1up;seq=236. Da von der oben angeführten Ausgabe kein Digitalisat vorliegt, wird auf die Ausgabe Leipzig 1829 verwiesen, die im gleichen Verlag unter dem Titel „Epistolarum libri decem et panegyricus“ erschien. – Die Angaben folgen dem Schema Buch-Nr.,Brief-Nr. Unterstreichungen heben für das jeweilige Thema besonders relevante Briefe hervor.",MDZ München,http://www.mdz-nbn-resolving.de/urn/resolver.pl?urn=urn:nbn:de:bvb:12-bsb10246115-6,,,,,,,,,,,,,,,,,,,,,,,"Ms. germ. qu. 1711, Bl. 48r, f0099–Bl. 48v, f0100",http://www.deutschestextarchiv.de/parthey_msgermqu1711_1828/0099,"8"" Kart. GfE O 79, S. 58, f0064",http://www.deutschestextarchiv.de/nn_oktavgfeo79_1828/0064,"N-0171 w 1, S. 52, f0060",http://www.deutschestextarchiv.de/nn_n0171w1_1828/0060,,,,,,,,,,,,
7821,,"Plinius Secundus, Gaius [d. Ä.]",,Historiae Mundi Libri XXXVII.,"Hrsg. v. Jacques Dalechamps. Honoratus, Lyon 1587. Humboldt erwähnt die heute meist als „Naturalis historia“ bezeichnete Schrift mehrfach, neben allgemeinen Erwähnungen bezieht er sich insbesondere auf das Kapitel VI,19.",1587,"Entspricht nach heutiger Zählung Kapitel 22. – Die Angaben folgen dem Schema Buch-Nr.,Kapitel-Nr.",MDZ München,http://www.mdz-nbn-resolving.de/urn/resolver.pl?urn=urn:nbn:de:bvb:12-bsb10140848-8,,,,,,,,,,,,,,,,,,,,,,,"Ms. germ. qu. 1711, Bl. 386r, f0775",http://www.deutschestextarchiv.de/parthey_msgermqu1711_1828/0775,"Ms. germ. qu. 2345, S. [311], f0317",http://www.deutschestextarchiv.de/nn_msgermqu2345_1827/0317,"8"" Kart. GfE O 79, S. 580, f0586",http://www.deutschestextarchiv.de/nn_oktavgfeo79_1828/0586,"N-0171 w 1, S. [632], f0638",http://www.deutschestextarchiv.de/nn_n0171w1_1828/0638,,,,,,,,,,
8036,"Aufgeführt ist die 3. Auflage, 1837–1847.","Prichard, James Cowles",,Researches into the physical History of Mankind.,"2 Bde. 2. Aufl. Arch, London 1826.",1826,,MDZ München,,http://www.mdz-nbn-resolving.de/urn/resolver.pl?urn=urn:nbn:de:bvb:12-bsb10255421-5,http://www.mdz-nbn-resolving.de/urn/resolver.pl?urn=urn:nbn:de:bvb:12-bsb10255422-0,,,,,,,,,,,,,,,,,,,,,"Ms. germ. qu. 1711, Bl. 383v, f0770",http://www.deutschestextarchiv.de/parthey_msgermqu1711_1828/0770,"8"" Kart. GfE O 79, S. 574, f0580",http://www.deutschestextarchiv.de/nn_oktavgfeo79_1828/0580,"N-0171 w 1, S. 625, f0631",http://www.deutschestextarchiv.de/nn_n0171w1_1828/0631,"Libelt, S. 423, f0290",http://www.deutschestextarchiv.de/libelt_hs6623ii_1828/0290,,,,,,,,,,
–,,"Prony, Riche",,Extrait des Recherches de M. De Prony: sur le Système hydraulique de l’Italie.,"In: Journal de l’École polytechnique. Band 4 (1810). Imprimerie impériale, Paris 1810. S. 59–64.",1810,"Wird zusammen mit Humboldt, Alexander von: Note   sur la Communication qui existe entre l’Orénoque et la Rivière des Amazones genannt.",Gallica (BnF),http://gallica.bnf.fr/ark:/12148/bpt6k433667x/f63,,,,,,,,,,,,,,,,,,,,,,,"Ms. germ. qu. 1711, Bl. 242r, f0487",http://www.deutschestextarchiv.de/parthey_msgermqu1711_1828/0487,"Ms. germ. qu. 2345, S. [217], f0223",http://www.deutschestextarchiv.de/nn_msgermqu2345_1827/0223,"8"" Kart. GfE O 79, S. 322, f0328",http://www.deutschestextarchiv.de/nn_oktavgfeo79_1828/0328,"N-0171 w 1, S. 373, f0379",http://www.deutschestextarchiv.de/nn_n0171w1_1828/0379,,,,,,,,,,
–,,"Richter, Friedrich Jakob",,"Die Bergbaukunst: nach Abraham Gottlob Werners Vorlesungen, in der Königl. Sächs. Bergakademie in Freiberg, und nach eigenen Erfahrungen.","Arnold, Dresden 1823.",1823,"Mit großer Wahrscheinlichkeit bezieht sich Humboldt auf eine andere Schrift. Vgl. Freiesleben, Johann Carl (Hg.): Abraham Gottlob Werner’s letztes Mineral-System: Aus dessen Nachlasse auf oberbergamtliche Anordnung herausgegeben und mit Erläuterungen versehen.",SLUB Dresden,http://digital.slub-dresden.de/ppn327442905,,,,,,,,,,,,,,,,,,,,,,,"Ms. germ. qu. 1711, Bl. 47v, f0098",http://www.deutschestextarchiv.de/parthey_msgermqu1711_1828/0098,"8"" Kart. GfE O 79, S. 57, f0063",http://www.deutschestextarchiv.de/nn_oktavgfeo79_1828/0063,,,,,,,,,,,,,,
–,,"Rink, Friedrich Theodor",,Immanuel Kant’s physische Geographie.,"2 Bde. Göbbels u. Unzer, Königsberg 1802.",1802,,MDZ München,,http://www.mdz-nbn-resolving.de/urn/resolver.pl?urn=urn:nbn:de:bvb:12-bsb10927402-8,http://www.mdz-nbn-resolving.de/urn/resolver.pl?urn=urn:nbn:de:bvb:12-bsb10927403-4,,,,,,,,,,,,,,,,,,,,,"Ms. germ. qu. 1711, Bl. 47v, f0098",http://www.deutschestextarchiv.de/parthey_msgermqu1711_1828/0098,"Ms. germ. qu. 2345, S. [39], f0045",http://www.deutschestextarchiv.de/nn_msgermqu2345_1827/0045,"8"" Kart. GfE O 79, S. 57, f0063",http://www.deutschestextarchiv.de/nn_oktavgfeo79_1828/0063,"N-0171 w 1, S. 49, f0057",http://www.deutschestextarchiv.de/nn_n0171w1_1828/0057,,,,,,,,,,
–,,"Saint-Pierre, Bernardin de",,Paul et Virginie.,Paris 1793.,1793,"Vgl. Saint-Pierre 2002, S. 24: „[...] the 1793 pocket edition (the one Humboldt owned and the one I cite from) [...]“. Da diese Ausgabe nicht digitalisiert vorliegt, wird auf ein Digitalisat der ersten selbstständig erschienenen französischen Ausgabe Paris 1789 verwiesen. Humboldt hatte auf seiner Amerika-Reise wohl die 1793er-Ausgabe bei sich, es soll sich um seinen „Lieblingsroman“ handeln, „den er auf der großen Reise stets mit sich führte und in stimmungsvollen Augenblicken immer wieder las“. Vgl. Krätz 1999, S. 118 (genau so in Krätz 1997, S. 137). Zur Beeinflussung Saint-Pierres auf Humboldt vgl. die Analyse von Richter 2009b, S. 74–87.",Internet Archive (Duke University Libraries),https://archive.org/details/pauletvirgini00sain,,,,,,,,,,,,,,,,,,,,,,,"Ms. germ. qu. 1711, Bl. 48v, f0100",http://www.deutschestextarchiv.de/parthey_msgermqu1711_1828/0100,"Ms. germ. qu. 2345, S. [41], f0047",http://www.deutschestextarchiv.de/nn_msgermqu2345_1827/0047,"8"" Kart. GfE O 79, S. 59, f0065",http://www.deutschestextarchiv.de/nn_oktavgfeo79_1828/0065,"N-0171 w 1, S. 53, f0061",http://www.deutschestextarchiv.de/nn_n0171w1_1828/0061,"Ms. germ. qu. 2124, Bl. 74r, f0151",http://www.deutschestextarchiv.de/nn_msgermqu2124_1827/0151,"Hufeland, S. 136, f0140",http://www.deutschestextarchiv.de/hufeland_privatbesitz_1829/0140,,,,,,
–,,"Schlotheim, Ernst Friedrich von",,Nachträge zur Beschreibung der fossilen Knochen und ihrer Lagerstätte in der Gegend von Köstritz.,"In: Nachträge zur Petrefactenkunde. 1. Band. Becker, Gotha 1822. S. 1–16.",1822,"Die Nachträge beziehen sich auf ein 1820 erschienenes Buch von Schlotheim: Die Petrefactenkunde: auf ihrem jetzigen Standpunkte durch die Beschreibung seiner Sammlung versteinerter und fossiler Überreste des Thier- und Pflanzenreichs der Vorwelt erläutert. Becker, Gotha 1820. MDZ München: http://www.mdz-nbn-resolving.de/urn/resolver.pl? urn=urn:nbn:de:bvb:12-bsb10284550-0. 1823 erschienen weitere Nachträge: Nachträge zur Petrefactenkunde. 2. Band. Becker, Gotha 1823. MDZ München: http://www.mdz- nbn-resolving.de/urn/resolver.pl?urn=urn:nbn:de:bvb:12-bsb10284552-0.",MDZ München,http://reader.digitale-sammlungen.de/de/fs1/object/display/bsb10284551_00013.html,,,,,,,,,,,,,,,,,,,,,,,"Ms. germ. qu. 1711, Bl. 216v, f0436",http://www.deutschestextarchiv.de/parthey_msgermqu1711_1828/0436,"Ms. germ. qu. 2345, S. [188], f0194",http://www.deutschestextarchiv.de/nn_msgermqu2345_1827/0194,"Ms. germ. qu. 2124, Bl. 11v, f0026",http://www.deutschestextarchiv.de/nn_msgermqu2124_1827/0026,"Hufeland, S. 24, f0028",http://www.deutschestextarchiv.de/hufeland_privatbesitz_1829/0028,,,,,,,,,,
–,,"Schneider, Johann Gottlob",,Eclogae Physicae: Historiam et Interpretationem Corporum et Rerum naturalium Continentes ex Scriptoribus praecipue graecis excerptae in Usum studiosae Litterarum Iuventutis.,"2 Bde. Frommann, Jena und Leipzig 1801.",1801,"Beim 2. Band handelt es sich um einen Anmerkungsband, der auf deutsch unter dem Titel „Anmerkungen und Erläuterungen über die Eclogas Physicas: Enthaltend Verbesserungen und Erklärungen des griechischen Textes, Erklärungen und Vergleichungen der angeführten Lehrsätze und Versuche, und mancherley litterärische Beyträge zur Geschichte der Physik aus den Alten“ erschien.",MDZ München,,http://www.mdz-nbn-resolving.de/urn/resolver.pl?urn=urn:nbn:de:bvb:12-bsb10239379-2,http://www.mdz-nbn-resolving.de/urn/resolver.pl?urn=urn:nbn:de:bvb:12-bsb10239380-4,,,,,,,,,,,,,,,,,,,,,"Ms. germ. qu. 1711, Bl. 48r, f0099",http://www.deutschestextarchiv.de/parthey_msgermqu1711_1828/0099,"N-0171 w 1, S. 51, f0059",http://www.deutschestextarchiv.de/nn_n0171w1_1828/0059,,,,,,,,,,,,,,
–,,"Schroeter, Johann Hieronymus",,"Selenotopographische Fragmente zur genauern Kenntniss der Mondfläche, ihrer erlittenen Veränderungen und Atmosphäre, sammt den dazu gehörigen Specialcharten und Zeichnungen.","2 Bde. Selbstverlag, Lilienthal u. a. 1791–1802.",1791–1802,,e-rara (ETH-Bibliothek Zürich),http://dx.doi.org/10.3931/e-rara-1723,,,,,,,,,,,,,,,,,,,,,,,"Ms. germ. qu. 2124, Bl. 76r, f0155",http://www.deutschestextarchiv.de/nn_msgermqu2124_1827/0155,"Hufeland, S. 141, f0145",http://www.deutschestextarchiv.de/hufeland_privatbesitz_1829/0145,,,,,,,,,,,,,,
9432,Aufgeführt ist die Ausgabe Hamburg 1834.,"Schubert, Friedrich Theodor von",,Populäre Astronomie.,"3 Bde. Kayserl. Akademie der Wissenschaften, Sankt Petersburg 1804–1810.",1804–1810,,MDZ München,,http://www.mdz-nbn-resolving.de/urn/resolver.pl?urn=urn:nbn:de:bvb:12-bsb10061136-7,http://www.mdz-nbn-resolving.de/urn/resolver.pl?urn=urn:nbn:de:bvb:12-bsb10061137-2,http://www.mdz-nbn-resolving.de/urn/resolver.pl?urn=urn:nbn:de:bvb:12-bsb10061138-7,,,,,,,,,,,,,,,,,,,,"Ms. germ. qu. 1711, Bl. 47v, f0098",http://www.deutschestextarchiv.de/parthey_msgermqu1711_1828/0098,"Ms. germ. qu. 2345, S. [40], f0046",http://www.deutschestextarchiv.de/nn_msgermqu2345_1827/0046,"8"" Kart. GfE O 79, S. 57, f0063",http://www.deutschestextarchiv.de/nn_oktavgfeo79_1828/0063,"N-0171 w 1, S. 50, f0058",http://www.deutschestextarchiv.de/nn_n0171w1_1828/0058,,,,,,,,,,
–,,"Schubert, Friedrich Theodor von",,Traité d’Astronomie théorique.,"3 Bde. Kaiserl. Akademie der Wissenschaften, Sankt Petersburg 1822.",1822,,University of California,,http://babel.hathitrust.org/cgi/pt?id=uc1.$b525548,http://babel.hathitrust.org/cgi/pt?id=uc1.$b525549,http://babel.hathitrust.org/cgi/pt?id=uc1.$b525550,,,,,,,,,,,,,,,,,,,,"Ms. germ. qu. 1711, Bl. 47v, f0098",http://www.deutschestextarchiv.de/parthey_msgermqu1711_1828/0098,"Ms. germ. qu. 2345, S. [40], f0046",http://www.deutschestextarchiv.de/nn_msgermqu2345_1827/0046,"8"" Kart. GfE O 79, S. 57, f0063",http://www.deutschestextarchiv.de/nn_oktavgfeo79_1828/0063,"N-0171 w 1, S. 50, f0058",http://www.deutschestextarchiv.de/nn_n0171w1_1828/0058,,,,,,,,,,
–,,"Schubert, Friedrich Theodor von",,Vermischte Schriften.,"4 Bde. Cotta, Stuttgart und Tübingen 1823–1826.",1823–1826,,New York Public Library,,http://babel.hathitrust.org/cgi/pt?id=nyp.33433090899505,http://babel.hathitrust.org/cgi/pt?id=nyp.33433090899547,http://babel.hathitrust.org/cgi/pt?id=nyp.33433090899588,http://babel.hathitrust.org/cgi/pt?id=nyp.33433090899620,,,,,,,,,,,,,,,,,,,"Ms. germ. qu. 1711, Bl. 47v, f0098",http://www.deutschestextarchiv.de/parthey_msgermqu1711_1828/0098,"Ms. germ. qu. 2345, S. [40], f0046",http://www.deutschestextarchiv.de/nn_msgermqu2345_1827/0046,"8"" Kart. GfE O 79, S. 57, f0063",http://www.deutschestextarchiv.de/nn_oktavgfeo79_1828/0063,"N-0171 w 1, S. 50, f0058",http://www.deutschestextarchiv.de/nn_n0171w1_1828/0058,,,,,,,,,,
–,,"Schultz-Schultzenstein, Karl Heinrich",,Ueber den Kreislauf des Saftes im Schöllkraute und in mehreren andern Pflanzen und über die Assimilation des rohen Nahrungsstoffes in den Pflanzen überhaupt: Mikroskopische Beobachtungen und Entdeckungen.,"Mit einer Vorrede des Herrn Professor’s Dr. Link und einer illum. Kupfertafel. Dümmler, Berlin 1822. Insbesondere S. 28–29.",1822,,MDZ München,http://www.mdz-nbn-resolving.de/urn/resolver.pl?urn=urn:nbn:de:bvb:12-bsb10303258-8,,,,,,,,,,,,,,,,,,,,,,,"Ms. germ. qu. 1711, Bl. 341v, f0686",http://www.deutschestextarchiv.de/parthey_msgermqu1711_1828/0686,"Ms. germ. qu. 2345, S. [285], f0291",http://www.deutschestextarchiv.de/nn_msgermqu2345_1827/0291,"N-0171 w 1, S. 539, f0545",http://www.deutschestextarchiv.de/nn_n0171w1_1828/0545,"Libelt, S. 387, f0254",http://www.deutschestextarchiv.de/libelt_hs6623ii_1828/0254,"Riess, S. 72, f0077",http://www.deutschestextarchiv.de/riess_f2e1853_1828/0077,,,,,,,,
–,,"Schultz-Schultzenstein, Karl Heinrich",,Die Natur der lebendigen Pflanze. Erweiterung und Bereicherung der Entdeckungen des Kreislaufs im Zusammenhange mit dem ganzen Pflanzenleben nach einer neuen Methode dargestellt.,"Reimer, Berlin 1823. Insbesondere §. 161 (S. 588–589). (= Die Pflanze und das Pflanzenreich. Bd. 1.)",1823,,MDZ München,http://reader.digitale-sammlungen.de/de/fs1/object/display/bsb10303261_00648.html,,,,,,,,,,,,,,,,,,,,,,,"Ms. germ. qu. 1711, Bl. 341v, f0686",http://www.deutschestextarchiv.de/parthey_msgermqu1711_1828/0686,"Ms. germ. qu. 2345, S. [285], f0291",http://www.deutschestextarchiv.de/nn_msgermqu2345_1827/0291,"N-0171 w 1, S. 539, f0545",http://www.deutschestextarchiv.de/nn_n0171w1_1828/0545,"Libelt, S. 387, f0254",http://www.deutschestextarchiv.de/libelt_hs6623ii_1828/0254,"Riess, S. 72, f0077",http://www.deutschestextarchiv.de/riess_f2e1853_1828/0077,,,,,,,,
–,,"Soulavie, Jean Louis Giraud",,Les Végétaux.,"Quillau u. a., Paris 1783. (= Histoire naturelle de la France méridionale. 2. Partie. Bd. 2,1.)",1783,,MDZ München,http://www.mdz-nbn-resolving.de/urn/resolver.pl?urn=urn:nbn:de:bvb:12-bsb10076534-6,,,,,,,,,,,,,,,,,,,,,,,"Ms. germ. qu. 1711, Bl. 345r, f0693",http://www.deutschestextarchiv.de/parthey_msgermqu1711_1828/0693,"Ms. germ. qu. 2345, S. [287], f0293",http://www.deutschestextarchiv.de/nn_msgermqu2345_1827/0293,"8"" Kart. GfE O 79, S. 501, f0507",http://www.deutschestextarchiv.de/nn_oktavgfeo79_1828/0507,"N-0171 w 1, S. 546, f0552",http://www.deutschestextarchiv.de/nn_n0171w1_1828/0552,"Libelt, S. 390, f0257",http://www.deutschestextarchiv.de/libelt_hs6623ii_1828/0257,,,,,,,,
–,,"Struve, Friedrich G. W.",,Catalogus novus Stellarum duplicium et multiplicium: maxima ex Parte in Specula Universitatis Caesareae Dorpatensis per magnum Telescopium achromaticum Fraunhoferi detectarum.,"Schuenmann, Dorpat 1827.",1827,,MDZ München,http://www.mdz-nbn-resolving.de/urn/resolver.pl?urn=urn:nbn:de:bvb:12-bsb10934431-8,,,,,,,,,,,,,,,,,,,,,,,"Ms. germ. qu. 1711, Bl. 78v, f0160",http://www.deutschestextarchiv.de/parthey_msgermqu1711_1828/0160,"Ms. germ. qu. 2345, S. [66], f0072",http://www.deutschestextarchiv.de/nn_msgermqu2345_1827/0072,"8"" Kart. GfE O 79, S. 97, f0103",http://www.deutschestextarchiv.de/nn_oktavgfeo79_1828/0103,"N-0171 w 1, S. [110], f0118",http://www.deutschestextarchiv.de/nn_n0171w1_1828/0118,,,,,,,,,,
–,,"Terzago, Paolo Maria",,Musaeum Septalianum Manfredi Septalae: Patritii Mediolanensis Industrioso Labore constructum.,"Viola, Tortona 1664. Insbesondere Kapitel XVIII (S. 43–48).",1664,,MDZ München,http://reader.digitale-sammlungen.de/de/fs1/object/display/bsb10051296_00075.html,,,,,,,,,,,,,,,,,,,,,,,"Ms. germ. qu. 1711, Bl. 336v, f0676",http://www.deutschestextarchiv.de/parthey_msgermqu1711_1828/0676,"Ms. germ. qu. 2345, S. [282], f0288",http://www.deutschestextarchiv.de/nn_msgermqu2345_1827/0288,"8"" Kart. GfE O 79, S. 486, f0492",http://www.deutschestextarchiv.de/nn_oktavgfeo79_1828/0492,"N-0171 w 1, S. 528, f0534",http://www.deutschestextarchiv.de/nn_n0171w1_1828/0534,"Libelt, S. 383, f0250",http://www.deutschestextarchiv.de/libelt_hs6623ii_1828/0250,"Ms. germ. qu. 2124, Bl. 77v, f0158",http://www.deutschestextarchiv.de/nn_msgermqu2124_1827/0158,"Hufeland, S. 144, f0148",http://www.deutschestextarchiv.de/hufeland_privatbesitz_1829/0148,,,,
–,,"Thienemann, Friedrich August Ludwig",,"Einige Folgerungen aus Beobachtungen über das Nordlicht, welche [ich] in Island, in den Jahren 1820 und 1821, anstellte.","In: Gilbert, Ludwig Wilhelm (Hg.): [Gilbert’s] Annalen der Physik. 75. Band (1823). Barth, Leipzig 1823. S. 59–67.",1823,,Gallica (BnF),http://gallica.bnf.fr/ark:/12148/bpt6k150847/f71,,,,,,,,,,,,,,,,,,,,,,,"Ms. germ. qu. 1711, Bl. 175v, f0354",http://www.deutschestextarchiv.de/parthey_msgermqu1711_1828/0354,"Ms. germ. qu. 2345, S. [149], f0155",http://www.deutschestextarchiv.de/nn_msgermqu2345_1827/0155,"8"" Kart. GfE O 79, S. 210, f0216–S. 211, f0217",http://www.deutschestextarchiv.de/nn_oktavgfeo79_1828/0216,"N-0171 w 1, S. [278], f0286",http://www.deutschestextarchiv.de/nn_n0171w1_1828/0286,,,,,,,,,,
–,,"Thienemann, Friedrich August Ludwig",,Beyträge zur Erklärung des Nordlichtes.,"In: Oken, Lorenz (Hg.): Isis. 7. Jg. (1823), 1. Band. 6. Heft. Expedition, Jena 1823. Sp. 567–578 [recte: 568–570].",1823,"Ab Sp. 567 liegt eine falsche Zählung vor, faktisch ist der Beitrag 3 Spalten lang.",Biodiversity Heritage Library,http://www.biodiversitylibrary.org/item/47603#page/312,,,,,,,,,,,,,,,,,,,,,,,"Ms. germ. qu. 1711, Bl. 175v, f0354",http://www.deutschestextarchiv.de/parthey_msgermqu1711_1828/0354,"Ms. germ. qu. 2345, S. [149], f0155",http://www.deutschestextarchiv.de/nn_msgermqu2345_1827/0155,"8"" Kart. GfE O 79, S. 210, f0216–S. 211, f0217",http://www.deutschestextarchiv.de/nn_oktavgfeo79_1828/0216,"N-0171 w 1, S. [278], f0286",http://www.deutschestextarchiv.de/nn_n0171w1_1828/0286,,,,,,,,,,
10336,,"Ukert, Friedrich August",,Geographie der Griechen und Römer: von den frühesten Zeiten bis auf Ptolemäus.,"3 Teile in 6 Bde. Geographisches Institut / Landes-Industrie-Comptoir, Weimar 1816–1846.",1816–1846,"Bände 4–6 (1832, 1843, 1846) erschienen erst nach den Vorträgen.",University of Michigan,,http://babel.hathitrust.org/cgi/pt?id=mdp.39015035840647,http://babel.hathitrust.org/cgi/pt?id=mdp.39015035840647,http://babel.hathitrust.org/cgi/pt?id=mdp.39015035840456,http://babel.hathitrust.org/cgi/pt?id=mdp.39015035840472,http://babel.hathitrust.org/cgi/pt?id=mdp.39015035840449,http://babel.hathitrust.org/cgi/pt?id=mdp.39015035840480,,,,,,,,,,,,,,,,,"Ms. germ. qu. 1711, Bl. 48r, f0099",http://www.deutschestextarchiv.de/parthey_msgermqu1711_1828/0099,"Ms. germ. qu. 2345, S. [40], f0046",http://www.deutschestextarchiv.de/nn_msgermqu2345_1827/0046,"8"" Kart. GfE O 79, S. 58, f0064",http://www.deutschestextarchiv.de/nn_oktavgfeo79_1828/0064,"N-0171 w 1, S. 51, f0059",http://www.deutschestextarchiv.de/nn_n0171w1_1828/0059,,,,,,,,,,
–,,"V[oigt], [Johann Heinrich]",,Ueber den Bau der Mondsflächen und dem Vulkanischen Ursprung ihrer Ungleichheiten.,"In: Lichtenberg, Ludwig Christian (Hg.): Magazin für das Neueste aus der Physik und Naturgeschichte. 1. Band (1783), 4. Heft. Voigt, Gotha 1783. S. 155–158.",1783,Impliziter Verweis ohne Nennung des Autors oder des Titels.,UB Bielefeld,http://ds.ub.uni-bielefeld.de/viewer/image/2238507_004/164/,,,,,,,,,,,,,,,,,,,,,,,"Ms. germ. qu. 2124, Bl. 75v, f0154",http://www.deutschestextarchiv.de/nn_msgermqu2124_1827/0154,"Hufeland, S. 140, f0144",http://www.deutschestextarchiv.de/hufeland_privatbesitz_1829/0144,,,,,,,,,,,,,,
–,,"Varenius, Bernhardus",,Geographia generalis: In qua Affectiones generales Telluris explicantur.,"Elzevier, Amsterdam 1650.",1650,,MDZ München,http://www.mdz-nbn-resolving.de/urn/resolver.pl?urn=urn:nbn:de:bvb:12-bsb10134913-3,,,,,,,,,,,,,,,,,,,,,,,"Ms. germ. qu. 1711, Bl. 25v, f0054, Bl. 47r, f0097",http://www.deutschestextarchiv.de/parthey_msgermqu1711_1828/0054,"Ms. germ. qu. 2345, S. [17], f0023, S. [39], f0045",http://www.deutschestextarchiv.de/nn_msgermqu2345_1827/0023,"8"" Kart. GfE O 79, S. 29, f0035, S. 57, f0063",http://www.deutschestextarchiv.de/nn_oktavgfeo79_1828/0035,"N-0171 w 1, S. 49, f0057",http://www.deutschestextarchiv.de/nn_n0171w1_1828/0057,,,,,,,,,,
–,,"Varenius, Bernhardus","Newton, Isaac",Geographia generalis: In qua Affectiones generales Telluris explicantur.,"Dickinson u. Hayes, Cambridge 1672.",1672,,WDB Wolfenbüttel,http://diglib.hab.de/drucke/ne-183/start.htm,,,,,,,,,,,,,,,,,,,,,,,"Ms. germ. qu. 1711, Bl. 25v, f0054",http://www.deutschestextarchiv.de/parthey_msgermqu1711_1828/0054,"8"" Kart. GfE O 79, S. 29, f0035",http://www.deutschestextarchiv.de/nn_oktavgfeo79_1828/0035,,,,,,,,,,,,,,
–,,"Višnevskij, Vikentij Karlovič",,Mesure de la Hauteur du Mont Elbrus: au dessus du Niveau de la Mer.,"In: Mémoires de l’Académie impériale des Sciences de St. Pétersbourg. 7. Band (1815–1816). Selbstverlag, St. Petersburg 1820. S. 159–193.",1820,,Biodiversity Heritage Library,http://www.biodiversitylibrary.org/item/38580#page/219,,,,,,,,,,,,,,,,,,,,,,,"Ms. germ. qu. 1711, Bl. 238v, f0480",http://www.deutschestextarchiv.de/parthey_msgermqu1711_1828/0480,"Ms. germ. qu. 2345, S. [215], f0221",http://www.deutschestextarchiv.de/nn_msgermqu2345_1827/0221,"8"" Kart. GfE O 79, S. 317, f0323",http://www.deutschestextarchiv.de/nn_oktavgfeo79_1828/0323,"N-0171 w 1, S. 369, f0375",http://www.deutschestextarchiv.de/nn_n0171w1_1828/0375,,,,,,,,,,
–,,"Vollmer, Johann Jakob Wilhelm",,Immanuel Kants physische Geographie.,"4 Bde. 2. Aufl. Vollmer, Mainz u. Hamburg [1808]–1817.",1808–1817,,Columbia University,,http://babel.hathitrust.org/cgi/pt?id=nnc1.0021074178,http://babel.hathitrust.org/cgi/pt?id=nnc1.0021074160,http://babel.hathitrust.org/cgi/pt?id=nnc1.0021074186,http://babel.hathitrust.org/cgi/pt?id=nnc1.0021074194,,,,,,,,,,,,,,,,,,,"Ms. germ. qu. 1711, Bl. 47v, f0098",http://www.deutschestextarchiv.de/parthey_msgermqu1711_1828/0098,"Ms. germ. qu. 2345, S. [39], f0045",http://www.deutschestextarchiv.de/nn_msgermqu2345_1827/0045,"8"" Kart. GfE O 79, S. 57, f0063",http://www.deutschestextarchiv.de/nn_oktavgfeo79_1828/0063,"N-0171 w 1, S. 50, f0058",http://www.deutschestextarchiv.de/nn_n0171w1_1828/0058,,,,,,,,,,
–,,"Wallace, James [d. J.]",,"An Account of the Islands of Orkney. To which is added, an Essay concerning the Thule of the Ancients.","Tonson, London 1700. S. 60–61.",1700,,Early English Books Online,http://gateway.proquest.com/openurl?ctx_ver=Z39.88-2003&res_id=xri:eebo&rft_id=xri:eebo:image:102617:39,,,,,,,,,,,,,,,,,,,,,,,"Ms. germ. qu. 1711, Bl. 256v, f0516",http://www.deutschestextarchiv.de/parthey_msgermqu1711_1828/0516,"Ms. germ. qu. 2345, S. [227], f0233",http://www.deutschestextarchiv.de/nn_msgermqu2345_1827/0233,"8"" Kart. GfE O 79, S. 341, f0347",http://www.deutschestextarchiv.de/nn_oktavgfeo79_1828/0347,"N-0171 w 1, S. [394], f0400",http://www.deutschestextarchiv.de/nn_n0171w1_1828/0400,"Libelt, S. 294, f0159",http://www.deutschestextarchiv.de/libelt_hs6623ii_1828/0159,"Ms. germ. fol. 841/Ms. germ. fol. 842, S. 261, f0278",http://www.deutschestextarchiv.de/patzig_msgermfol841842_1828/0278,"Riess, S. 58, f0063",http://www.deutschestextarchiv.de/riess_f2e1853_1828/0063,"Ms. germ. qu. 2124, Bl. 48, f0099–f0100",http://www.deutschestextarchiv.de/nn_msgermqu2124_1827/0099,"Hufeland, S. 89, f0093",http://www.deutschestextarchiv.de/hufeland_privatbesitz_1829/0093
–,,"Weber, Ernst Heinrich","Weber, Wilhelm",Wellenlehre auf Experimente gegründet: oder über die Wellen tropfbarer Flüssigkeiten mit Anwendung auf die Schall- und Lichtwellen.,"Fleischer, Leipzig 1825.",1825,,ECHO (Max-Planck-Institut für Wissenschaftsgeschichte),http://echo.mpiwg-berlin.mpg.de/MPIWG:A6AD03W8,,,,,,,,,,,,,,,,,,,,,,,"Ms. germ. qu. 2124, Bl. 30v, f0064",http://www.deutschestextarchiv.de/nn_msgermqu2124_1827/0064,"Hufeland, S. 59, f0063",http://www.deutschestextarchiv.de/hufeland_privatbesitz_1829/0063,,,,,,,,,,,,,,
–,,"Werner, Abraham Gottlob",,Kurze Klassifikation und Beschreibung der verschiedenen Gebirgsarten.,"Walther, Dresden 1787.",1787,"Vgl. auch Freiesleben, Johann Carl (Hg.): Abraham Gottlob Werner’s letztes Mineral-System: Aus dessen Nachlasse auf oberbergamtliche Anordnung herausgegeben und mit Erläuterungen versehen.",Deutsches Textarchiv,http://www.deutschestextarchiv.de/book/show/werner_gebirgsarten_1787,,,,,,,,,,,,,,,,,,,,,,,"Ms. germ. qu. 2124, Bl. 14r, f0031",http://www.deutschestextarchiv.de/nn_msgermqu2124_1827/0031,"Hufeland, S. 28, f0032",http://www.deutschestextarchiv.de/hufeland_privatbesitz_1829/0032,,,,,,,,,,,,,,
–,,"Wilcke, Johan Carl",,Ueber der Magnetnadel jährliche und tägliche Aenderungen zu Stockholm.,"In: Der Königl. Schwedischen Akademie der Wissenschaften Abhandlungen, aus der der Naturlehre, Haushaltungskunst und Mechanik, auf das Jahr 1777. 39. Band (1777). Übers. v. Abraham Gotthelf Kästner. Heinsius, Leipzig 1782. S. 259–284.",1782,,MDZ München,http://reader.digitale-sammlungen.de/de/fs1/object/display/bsb10535569_00271.html,,,,,,,,,,,,,,,,,,,,,,,"Ms. germ. qu. 1711, Bl. 178r, f0359",http://www.deutschestextarchiv.de/parthey_msgermqu1711_1828/0359,"Ms. germ. qu. 2345, S. [151], f0157",http://www.deutschestextarchiv.de/nn_msgermqu2345_1827/0157,"8"" Kart. GfE O 79, S. 214, f0220",http://www.deutschestextarchiv.de/nn_oktavgfeo79_1828/0220,"N-0171 w 1, S. [282], f0290",http://www.deutschestextarchiv.de/nn_n0171w1_1828/0290,,,,,,,,,,
–,,"Wilcke, Johan Carl",,[Ü]ber den Magneten.,"Übers. v. O. G. Gröning. Gräff, Leipzig 1794.",1794,"Vgl. auch den vorhergehenden Eintrag Wilcke, Johan Carl: Ueber der   Magnetnadel jährliche und tägliche Aenderungen zu Stockholm und Gilbert, Ludwig Wilhelm: Uebersicht der Beobachtungen der Herren von Cassini zu Paris, und Wilke zu Stockholm: über die    täglichen und die jährlichen Veränderungen in der Abweichung der Magnetnadel.",MDZ München,http://www.mdz-nbn-resolving.de/urn/resolver.pl?urn=urn:nbn:de:bvb:12-bsb10135079-3,,,,,,,,,,,,,,,,,,,,,,,"Ms. germ. qu. 1711, Bl. 178r, f0359",http://www.deutschestextarchiv.de/parthey_msgermqu1711_1828/0359,"Ms. germ. qu. 2345, S. [151], f0157",http://www.deutschestextarchiv.de/nn_msgermqu2345_1827/0157,"8"" Kart. GfE O 79, S. 214, f0220",http://www.deutschestextarchiv.de/nn_oktavgfeo79_1828/0220,"N-0171 w 1, S. [282], f0290",http://www.deutschestextarchiv.de/nn_n0171w1_1828/0290,,,,,,,,,,
–,,"Wildt, Johann Christian Daniel",,Über den auffallenden Höhenrauch dieses Sommers.,In: Hannoversches Magazin. St. 72–74. Hannover 1819.,1819,"Der Verfasser hat die Zeitschrift selbst nicht einsehen können, daher wird der Titel zitiert nach: Behringer, Wolfgang: Tambora und das Jahr ohne Sommer: wie ein Vulkan die Welt in die Krise stürzte. Beck, München 2015. O. S. Endnote 58 (dort allerdings mit falschem Zeitschriftentitel).",,–,,,,,,,,,,,,,,,,,,,,,,,"Ms. germ. qu. 1711, Bl. 129r, f0261",http://www.deutschestextarchiv.de/parthey_msgermqu1711_1828/0261,"Ms. germ. qu. 2345, S. [114], f0120",http://www.deutschestextarchiv.de/nn_msgermqu2345_1827/0120,,,,,,,,,,,,,,
11037,,"Zahn, Wilhelm Johann Karl",,Neu entdeckte Wandgemälde in Pompeji.,"Cotta, München u. a. [1828?].",1828,,Arachne (Deutsches Archäologisches Institut / Universität zu Köln),http://arachne.uni-koeln.de/books/Zahn1828,,,,,,,,,,,,,,,,,,,,,,,"Hufeland, S. 152, f0156",http://www.deutschestextarchiv.de/hufeland_privatbesitz_1829/0156,,,,,,,,,,,,,,,,
11039,"Der dort zitierte französische Titel bezeichnet die gleiche Ausgabe wie die hier genannte deutschsprachige; das erste Heft enthielt separat ein deutsches und ein französisches Titelblatt, die folgenden Hefte ein einziges zweisprachiges.","Zahn, Wilhelm Johann Karl",,"Die schönsten Ornamente und merkwürdigsten Gemälde aus Pompeji, Herkulanum und Stabiae: nebst einigen Grundrissen und Ansichten nach den an Ort und Stelle gemachten Originalzeichnungen.","Reimer, Berlin 1828–1829.",1828–1829,"Zahn wird lediglich bei Hufeland explizit genannt, der seine Nachschrift erst 1829 anfertigte. Daher kommen hier zwei inhaltlich ähnliche Werke infrage, obwohl Humboldt zum Zeitpunkt der Vorlesungen nur einen Teil davon gekannt haben kann; insbesondere Zahn, Wilhelm Johann Karl: Neu entdeckte Wandgemälde in Pompeji könnte vor 1828 publiziert worden sein, aber auch die ersten Hefte dieses Werkes sind höchstwahrscheinlich während der Vorlesungen erschienen. – Die 10 Hefte wurden später als 1. Folge gezählt, es folgten noch zwei weitere (jeweils in 10 Heften erschienen, 1842–1844 und 1852–1859; die Angaben bei Stevens 1967 weichen etwas ab).",UB Heidelberg,http://digi.ub.uni-heidelberg.de/diglit/zahn1828bd1,,,,,,,,,,,,,,,,,,,,,,,"Hufeland, S. 152, f0156",http://www.deutschestextarchiv.de/hufeland_privatbesitz_1829/0156,,,,,,,,,,,,,,,,
